transaction_id,customer_id,product_name,category,price,quantity,transaction_date,total_amount
TX100001,CUST1010,Laptop,Electronics,899.99,3,2026-03-03 08:57:18,2699.97
TX100002,CUST1032,Desk Chair,Furniture,134.99,1,2026-03-04 19:59:18,134.99
TX100003,CUST1194,Backpack,Accessories,35.99,3,2026-04-05 14:10:18,107.97
TX100004,CUST1026,Backpack,Accessories,33.99,2,2026-03-29 04:05:18,67.98
TX100005,CUST1038,Backpack,Accessories,39.99,1,2026-02-21 01:44:18,39.99
TX100006,CUST1196,Smartphone,Electronics,594.99,3,2026-04-03 15:50:18,1784.97
TX100007,CUST1007,Backpack,Accessories,39.99,2,2026-02-25 09:56:18,79.98
TX100008,CUST1076,Toaster,Appliances,25.49,2,2026-04-16 09:00:18,50.98
TX100009,CUST1073,Coffee Maker,Appliances,44.99,1,2026-05-05 20:21:18,44.99
TX100010,CUST1007,Toaster,Appliances,29.99,3,2026-04-26 14:36:18,89.97
TX100011,CUST1102,Laptop,Electronics,999.99,2,2026-04-25 03:05:18,1999.98
TX100012,CUST1197,Toaster,Appliances,26.99,2,2026-04-13 17:30:18,53.98
TX100013,CUST1134,Pen Set,Stationery,4.99,3,2026-05-08 08:20:18,14.97
TX100014,CUST1174,Backpack,Accessories,39.99,3,2026-04-07 15:53:18,119.97
TX100015,CUST1093,Pen Set,Stationery,4.99,2,2026-04-01 04:42:18,9.98
TX100016,CUST1196,Smartphone,Electronics,699.99,3,2026-03-07 04:08:18,2099.97
TX100017,CUST1054,Coffee Maker,Appliances,49.99,1,2026-02-22 13:08:18,49.99
TX100018,CUST1197,Toaster,Appliances,25.49,1,2026-02-28 23:01:18,25.49
TX100019,CUST1111,Notebook,Stationery,2.99,3,2026-02-21 01:46:18,8.97
TX100020,CUST1086,Laptop,Electronics,899.99,1,2026-04-25 06:31:18,899.99
TX100021,CUST1116,Pen Set,Stationery,4.24,3,2026-04-30 08:53:18,12.72
TX100022,CUST1200,Smartphone,Electronics,594.99,3,2026-05-09 02:54:18,1784.97
TX100023,CUST1140,Pen Set,Stationery,4.99,2,2026-05-12 21:52:18,9.98
TX100024,CUST1120,Laptop,Electronics,849.99,1,2026-04-03 22:03:18,849.99
TX100025,CUST1009,Toaster,Appliances,26.99,3,2026-05-21 02:32:18,80.97
TX100026,CUST1130,Notebook,Stationery,2.54,2,2026-04-07 04:45:18,5.08
TX100027,CUST1165,Coffee Maker,Appliances,49.99,3,2026-03-25 09:35:18,149.97
TX100028,CUST1088,Notebook,Stationery,2.69,1,2026-04-02 20:17:18,2.69
TX100029,CUST1148,Desk Chair,Furniture,149.99,3,2026-05-07 06:01:18,449.97
TX100030,CUST1050,Backpack,Accessories,35.99,3,2026-04-20 17:36:18,107.97
TX100031,CUST1159,Backpack,Accessories,39.99,2,2026-03-23 15:06:18,79.98
TX100032,CUST1087,Headphones,Electronics,80.99,2,2026-03-31 19:30:18,161.98
TX100033,CUST1157,Running Shoes,Apparel,71.99,1,2026-04-17 05:19:18,71.99
TX100034,CUST1170,Laptop,Electronics,849.99,2,2026-03-28 22:50:18,1699.98
TX100035,CUST1072,Running Shoes,Apparel,67.99,1,2026-02-21 02:27:18,67.99
TX100036,CUST1099,Toaster,Appliances,25.49,1,2026-05-18 13:36:18,25.49
TX100037,CUST1061,Headphones,Electronics,76.49,3,2026-04-05 18:20:18,229.47
TX100038,CUST1144,Headphones,Electronics,76.49,3,2026-03-18 17:02:18,229.47
TX100039,CUST1072,Desk Chair,Furniture,134.99,2,2026-05-16 00:36:18,269.98
TX100040,CUST1006,Pen Set,Stationery,4.24,3,2026-03-29 02:08:18,12.72
TX100041,CUST1159,Backpack,Accessories,35.99,3,2026-03-02 14:55:18,107.97
TX100042,CUST1102,Backpack,Accessories,33.99,1,2026-03-24 18:01:18,33.99
TX100043,CUST1151,Notebook,Stationery,2.54,2,2026-04-01 14:56:18,5.08
TX100044,CUST1016,Backpack,Accessories,33.99,3,2026-03-11 03:51:18,101.97
TX100045,CUST1189,Desk Chair,Furniture,149.99,1,2026-03-18 15:59:18,149.99
TX100046,CUST1042,Toaster,Appliances,25.49,3,2026-05-11 07:16:18,76.47
TX100047,CUST1141,Running Shoes,Apparel,79.99,1,2026-04-29 21:43:18,79.99
TX100048,CUST1105,Smartphone,Electronics,699.99,3,2026-05-19 16:33:18,2099.97
TX100049,CUST1142,Smartphone,Electronics,699.99,1,2026-03-13 01:24:18,699.99
TX100050,CUST1040,Laptop,Electronics,899.99,3,2026-03-25 02:27:18,2699.97
TX100051,CUST1039,Headphones,Electronics,80.99,3,2026-05-14 09:54:18,242.97
TX100052,CUST1008,Desk Chair,Furniture,134.99,2,2026-03-08 07:25:18,269.98
TX100053,CUST1148,Smartphone,Electronics,594.99,1,2026-03-28 11:47:18,594.99
TX100054,CUST1104,Toaster,Appliances,26.99,2,2026-04-16 13:30:18,53.98
TX100055,CUST1093,Laptop,Electronics,999.99,1,2026-02-26 06:20:18,999.99
TX100056,CUST1179,Coffee Maker,Appliances,42.49,1,2026-04-01 01:02:18,42.49
TX100057,CUST1164,Running Shoes,Apparel,79.99,3,2026-03-31 17:01:18,239.97
TX100058,CUST1067,Pen Set,Stationery,4.99,1,2026-05-01 23:11:18,4.99
TX100059,CUST1064,Desk Chair,Furniture,134.99,1,2026-04-19 06:13:18,134.99
TX100060,CUST1179,Toaster,Appliances,26.99,1,2026-05-05 15:46:18,26.99
TX100061,CUST1051,Laptop,Electronics,849.99,1,2026-04-05 01:05:18,849.99
TX100062,CUST1182,Running Shoes,Apparel,71.99,2,2026-04-29 14:59:18,143.98
TX100063,CUST1083,Toaster,Appliances,26.99,2,2026-04-10 10:14:18,53.98
TX100064,CUST1065,Pen Set,Stationery,4.49,3,2026-04-10 18:54:18,13.47
TX100065,CUST1134,Backpack,Accessories,35.99,2,2026-03-28 10:24:18,71.98
TX100066,CUST1042,Pen Set,Stationery,4.99,2,2026-05-14 11:54:18,9.98
TX100067,CUST1108,Smartphone,Electronics,699.99,1,2026-04-01 06:08:18,699.99
TX100068,CUST1088,Backpack,Accessories,35.99,2,2026-04-06 02:26:18,71.98
TX100069,CUST1134,Backpack,Accessories,33.99,2,2026-03-22 15:51:18,67.98
TX100070,CUST1031,Coffee Maker,Appliances,44.99,3,2026-03-25 04:40:18,134.97
TX100071,CUST1072,Backpack,Accessories,35.99,3,2026-03-30 14:43:18,107.97
TX100072,CUST1076,Desk Chair,Furniture,134.99,1,2026-03-22 22:23:18,134.99
TX100073,CUST1060,Laptop,Electronics,999.99,2,2026-04-25 15:52:18,1999.98
TX100074,CUST1158,Headphones,Electronics,89.99,2,2026-04-26 00:45:18,179.98
TX100075,CUST1170,Coffee Maker,Appliances,49.99,2,2026-05-11 15:23:18,99.98
TX100076,CUST1132,Running Shoes,Apparel,71.99,1,2026-02-24 14:45:18,71.99
TX100077,CUST1011,Notebook,Stationery,2.69,1,2026-04-13 16:08:18,2.69
TX100078,CUST1070,Desk Chair,Furniture,134.99,2,2026-05-20 14:38:18,269.98
TX100079,CUST1004,Headphones,Electronics,76.49,1,2026-04-09 12:45:18,76.49
TX100080,CUST1163,Toaster,Appliances,26.99,1,2026-05-07 18:34:18,26.99
TX100081,CUST1138,Headphones,Electronics,80.99,1,2026-04-19 03:11:18,80.99
TX100082,CUST1052,Smartphone,Electronics,629.99,2,2026-02-20 23:44:18,1259.98
TX100083,CUST1193,Headphones,Electronics,76.49,3,2026-02-20 08:54:18,229.47
TX100084,CUST1016,Desk Chair,Furniture,134.99,2,2026-04-16 04:13:18,269.98
TX100085,CUST1175,Desk Chair,Furniture,149.99,2,2026-03-19 02:08:18,299.98
TX100086,CUST1200,Toaster,Appliances,26.99,1,2026-03-26 00:36:18,26.99
TX100087,CUST1089,Smartphone,Electronics,629.99,3,2026-04-29 21:38:18,1889.97
TX100088,CUST1028,Laptop,Electronics,999.99,2,2026-05-15 02:02:18,1999.98
TX100089,CUST1084,Desk Chair,Furniture,127.49,3,2026-03-19 09:31:18,382.47
TX100090,CUST1010,Backpack,Accessories,39.99,1,2026-05-13 07:47:18,39.99
TX100091,CUST1033,Toaster,Appliances,25.49,1,2026-03-02 04:12:18,25.49
TX100092,CUST1073,Smartphone,Electronics,594.99,1,2026-03-28 10:25:18,594.99
TX100093,CUST1086,Pen Set,Stationery,4.24,1,2026-04-22 19:37:18,4.24
TX100094,CUST1117,Running Shoes,Apparel,79.99,3,2026-03-02 18:40:18,239.97
TX100095,CUST1149,Notebook,Stationery,2.69,3,2026-04-14 12:28:18,8.07
TX100096,CUST1072,Notebook,Stationery,2.69,3,2026-05-19 07:42:18,8.07
TX100097,CUST1011,Backpack,Accessories,39.99,3,2026-03-31 16:12:18,119.97
TX100098,CUST1137,Toaster,Appliances,26.99,1,2026-03-28 16:32:18,26.99
TX100099,CUST1017,Coffee Maker,Appliances,49.99,3,2026-05-07 09:09:18,149.97
TX100100,CUST1046,Laptop,Electronics,849.99,1,2026-04-04 01:15:18,849.99
TX100101,CUST1130,Headphones,Electronics,76.49,2,2026-03-16 16:33:18,152.98
TX100102,CUST1132,Notebook,Stationery,2.54,1,2026-03-30 03:56:18,2.54
TX100103,CUST1093,Coffee Maker,Appliances,44.99,1,2026-05-16 09:34:18,44.99
TX100104,CUST1187,Headphones,Electronics,89.99,1,2026-03-19 02:53:18,89.99
TX100105,CUST1159,Toaster,Appliances,26.99,3,2026-05-14 09:10:18,80.97
TX100106,CUST1069,Pen Set,Stationery,4.24,3,2026-03-04 13:28:18,12.72
TX100107,CUST1069,Notebook,Stationery,2.99,3,2026-03-09 08:03:18,8.97
TX100108,CUST1080,Toaster,Appliances,26.99,3,2026-03-25 23:26:18,80.97
TX100109,CUST1053,Notebook,Stationery,2.99,3,2026-04-26 16:21:18,8.97
TX100110,CUST1028,Laptop,Electronics,899.99,3,2026-04-02 22:25:18,2699.97
TX100111,CUST1110,Notebook,Stationery,2.99,3,2026-05-20 15:54:18,8.97
TX100112,CUST1196,Desk Chair,Furniture,149.99,1,2026-03-10 17:19:18,149.99
TX100113,CUST1010,Desk Chair,Furniture,134.99,3,2026-05-14 15:12:18,404.97
TX100114,CUST1042,Pen Set,Stationery,4.49,1,2026-02-20 03:10:18,4.49
TX100115,CUST1021,Toaster,Appliances,25.49,2,2026-04-16 04:33:18,50.98
TX100116,CUST1005,Running Shoes,Apparel,71.99,3,2026-05-07 05:02:18,215.97
TX100117,CUST1008,Desk Chair,Furniture,149.99,2,2026-03-18 20:01:18,299.98
TX100118,CUST1131,Running Shoes,Apparel,67.99,3,2026-04-09 11:37:18,203.97
TX100119,CUST1196,Running Shoes,Apparel,79.99,1,2026-04-21 09:41:18,79.99
TX100120,CUST1185,Smartphone,Electronics,594.99,2,2026-03-09 19:14:18,1189.98
TX100121,CUST1046,Desk Chair,Furniture,127.49,3,2026-02-28 08:06:18,382.47
TX100122,CUST1057,Headphones,Electronics,89.99,2,2026-05-05 05:50:18,179.98
TX100123,CUST1163,Laptop,Electronics,849.99,2,2026-04-06 14:47:18,1699.98
TX100124,CUST1075,Coffee Maker,Appliances,44.99,3,2026-05-16 19:31:18,134.97
TX100125,CUST1089,Running Shoes,Apparel,67.99,2,2026-04-10 02:39:18,135.98
TX100126,CUST1072,Desk Chair,Furniture,134.99,2,2026-05-15 15:06:18,269.98
TX100127,CUST1083,Desk Chair,Furniture,134.99,1,2026-05-21 11:35:18,134.99
TX100128,CUST1106,Headphones,Electronics,80.99,1,2026-05-17 19:42:18,80.99
TX100129,CUST1096,Laptop,Electronics,849.99,2,2026-03-13 05:29:18,1699.98
TX100130,CUST1125,Backpack,Accessories,39.99,1,2026-02-24 08:58:18,39.99
TX100131,CUST1101,Pen Set,Stationery,4.24,3,2026-03-07 23:19:18,12.72
TX100132,CUST1057,Desk Chair,Furniture,134.99,1,2026-03-06 14:08:18,134.99
TX100133,CUST1121,Desk Chair,Furniture,149.99,2,2026-05-20 09:48:18,299.98
TX100134,CUST1159,Notebook,Stationery,2.69,1,2026-03-07 13:40:18,2.69
TX100135,CUST1160,Smartphone,Electronics,629.99,3,2026-02-27 07:12:18,1889.97
TX100136,CUST1200,Pen Set,Stationery,4.24,1,2026-04-16 08:48:18,4.24
TX100137,CUST1145,Pen Set,Stationery,4.99,3,2026-02-21 21:59:18,14.97
TX100138,CUST1052,Headphones,Electronics,76.49,3,2026-04-07 00:27:18,229.47
TX100139,CUST1016,Headphones,Electronics,89.99,3,2026-03-19 12:27:18,269.97
TX100140,CUST1164,Pen Set,Stationery,4.99,1,2026-05-03 20:22:18,4.99
TX100141,CUST1020,Notebook,Stationery,2.99,1,2026-02-23 22:22:18,2.99
TX100142,CUST1159,Backpack,Accessories,39.99,2,2026-02-20 07:29:18,79.98
TX100143,CUST1131,Headphones,Electronics,80.99,3,2026-03-09 04:20:18,242.97
TX100144,CUST1009,Running Shoes,Apparel,79.99,2,2026-03-10 20:19:18,159.98
TX100145,CUST1186,Pen Set,Stationery,4.24,2,2026-05-16 23:12:18,8.48
TX100146,CUST1096,Coffee Maker,Appliances,44.99,2,2026-04-29 13:07:18,89.98
TX100147,CUST1124,Coffee Maker,Appliances,49.99,2,2026-03-10 01:12:18,99.98
TX100148,CUST1146,Smartphone,Electronics,629.99,1,2026-05-12 08:08:18,629.99
TX100149,CUST1135,Smartphone,Electronics,594.99,2,2026-05-19 20:22:18,1189.98
TX100150,CUST1001,Smartphone,Electronics,629.99,1,2026-02-20 02:59:18,629.99
TX100151,CUST1079,Headphones,Electronics,76.49,2,2026-03-04 04:19:18,152.98
TX100152,CUST1149,Headphones,Electronics,76.49,2,2026-05-04 02:31:18,152.98
TX100153,CUST1116,Backpack,Accessories,35.99,2,2026-03-28 13:56:18,71.98
TX100154,CUST1043,Smartphone,Electronics,594.99,3,2026-03-08 23:47:18,1784.97
TX100155,CUST1036,Running Shoes,Apparel,71.99,2,2026-04-04 07:14:18,143.98
TX100156,CUST1161,Laptop,Electronics,999.99,3,2026-02-21 21:55:18,2999.97
TX100157,CUST1162,Desk Chair,Furniture,149.99,1,2026-03-18 14:48:18,149.99
TX100158,CUST1159,Headphones,Electronics,89.99,1,2026-03-14 02:16:18,89.99
TX100159,CUST1144,Pen Set,Stationery,4.24,3,2026-04-19 18:48:18,12.72
TX100160,CUST1137,Coffee Maker,Appliances,49.99,1,2026-04-11 17:19:18,49.99
TX100161,CUST1151,Headphones,Electronics,80.99,3,2026-04-19 18:38:18,242.97
TX100162,CUST1196,Pen Set,Stationery,4.49,3,2026-04-24 11:48:18,13.47
TX100163,CUST1115,Laptop,Electronics,849.99,1,2026-04-19 18:29:18,849.99
TX100164,CUST1154,Toaster,Appliances,25.49,1,2026-02-25 20:27:18,25.49
TX100165,CUST1114,Toaster,Appliances,25.49,1,2026-04-23 05:17:18,25.49
TX100166,CUST1085,Pen Set,Stationery,4.49,3,2026-05-16 08:44:18,13.47
TX100167,CUST1050,Backpack,Accessories,35.99,3,2026-03-27 07:44:18,107.97
TX100168,CUST1127,Desk Chair,Furniture,134.99,2,2026-03-22 02:33:18,269.98
TX100169,CUST1050,Desk Chair,Furniture,149.99,2,2026-05-07 14:29:18,299.98
TX100170,CUST1027,Smartphone,Electronics,629.99,3,2026-04-30 04:47:18,1889.97
TX100171,CUST1181,Laptop,Electronics,999.99,2,2026-04-27 23:33:18,1999.98
TX100172,CUST1060,Coffee Maker,Appliances,44.99,2,2026-05-21 07:18:18,89.98
TX100173,CUST1074,Desk Chair,Furniture,127.49,3,2026-05-18 09:44:18,382.47
TX100174,CUST1020,Backpack,Accessories,35.99,3,2026-05-13 21:47:18,107.97
TX100175,CUST1113,Toaster,Appliances,29.99,3,2026-02-26 17:50:18,89.97
TX100176,CUST1126,Headphones,Electronics,89.99,2,2026-03-08 00:20:18,179.98
TX100177,CUST1100,Running Shoes,Apparel,79.99,2,2026-04-17 15:57:18,159.98
TX100178,CUST1068,Headphones,Electronics,89.99,3,2026-05-12 08:12:18,269.97
TX100179,CUST1156,Pen Set,Stationery,4.24,3,2026-03-26 00:30:18,12.72
TX100180,CUST1196,Laptop,Electronics,899.99,1,2026-05-17 20:56:18,899.99
TX100181,CUST1189,Headphones,Electronics,89.99,1,2026-03-08 06:35:18,89.99
TX100182,CUST1161,Smartphone,Electronics,699.99,1,2026-04-02 07:15:18,699.99
TX100183,CUST1098,Backpack,Accessories,35.99,3,2026-02-21 13:14:18,107.97
TX100184,CUST1083,Laptop,Electronics,999.99,3,2026-02-22 03:45:18,2999.97
TX100185,CUST1044,Desk Chair,Furniture,149.99,3,2026-05-09 02:42:18,449.97
TX100186,CUST1115,Coffee Maker,Appliances,42.49,3,2026-05-20 18:10:18,127.47
TX100187,CUST1200,Headphones,Electronics,89.99,2,2026-05-02 11:39:18,179.98
TX100188,CUST1095,Running Shoes,Apparel,67.99,2,2026-04-03 11:26:18,135.98
TX100189,CUST1155,Headphones,Electronics,76.49,3,2026-05-17 14:51:18,229.47
TX100190,CUST1151,Toaster,Appliances,29.99,2,2026-05-17 14:13:18,59.98
TX100191,CUST1150,Laptop,Electronics,849.99,3,2026-02-25 07:41:18,2549.97
TX100192,CUST1122,Notebook,Stationery,2.99,3,2026-05-15 15:01:18,8.97
TX100193,CUST1069,Running Shoes,Apparel,67.99,2,2026-04-30 01:28:18,135.98
TX100194,CUST1118,Running Shoes,Apparel,79.99,3,2026-02-25 04:26:18,239.97
TX100195,CUST1190,Backpack,Accessories,35.99,2,2026-05-02 22:07:18,71.98
TX100196,CUST1008,Running Shoes,Apparel,79.99,3,2026-04-21 02:03:18,239.97
TX100197,CUST1185,Headphones,Electronics,76.49,1,2026-05-08 01:52:18,76.49
TX100198,CUST1052,Running Shoes,Apparel,79.99,3,2026-04-14 01:58:18,239.97
TX100199,CUST1158,Running Shoes,Apparel,71.99,2,2026-05-16 09:34:18,143.98
TX100200,CUST1155,Notebook,Stationery,2.99,1,2026-05-17 09:12:18,2.99
TX100201,CUST1172,Notebook,Stationery,2.54,3,2026-05-12 19:06:18,7.62
TX100202,CUST1017,Smartphone,Electronics,629.99,3,2026-04-25 01:44:18,1889.97
TX100203,CUST1120,Laptop,Electronics,849.99,3,2026-03-30 01:31:18,2549.97
TX100204,CUST1121,Coffee Maker,Appliances,49.99,3,2026-02-23 12:54:18,149.97
TX100205,CUST1064,Toaster,Appliances,25.49,2,2026-03-03 07:17:18,50.98
TX100206,CUST1077,Toaster,Appliances,29.99,3,2026-04-10 04:00:18,89.97
TX100207,CUST1055,Desk Chair,Furniture,134.99,2,2026-03-01 12:18:18,269.98
TX100208,CUST1156,Desk Chair,Furniture,127.49,2,2026-03-24 20:11:18,254.98
TX100209,CUST1103,Toaster,Appliances,25.49,3,2026-05-18 23:37:18,76.47
TX100210,CUST1117,Coffee Maker,Appliances,44.99,1,2026-05-14 12:50:18,44.99
TX100211,CUST1046,Desk Chair,Furniture,134.99,3,2026-03-27 03:21:18,404.97
TX100212,CUST1066,Laptop,Electronics,849.99,1,2026-05-20 20:51:18,849.99
TX100213,CUST1098,Desk Chair,Furniture,127.49,2,2026-03-18 05:03:18,254.98
TX100214,CUST1078,Desk Chair,Furniture,134.99,1,2026-05-16 14:49:18,134.99
TX100215,CUST1155,Running Shoes,Apparel,67.99,3,2026-04-28 10:33:18,203.97
TX100216,CUST1159,Pen Set,Stationery,4.24,1,2026-03-27 07:45:18,4.24
TX100217,CUST1036,Coffee Maker,Appliances,42.49,2,2026-04-09 11:03:18,84.98
TX100218,CUST1058,Desk Chair,Furniture,127.49,1,2026-03-31 18:08:18,127.49
TX100219,CUST1066,Headphones,Electronics,76.49,3,2026-05-14 09:56:18,229.47
TX100220,CUST1008,Running Shoes,Apparel,79.99,2,2026-03-03 17:29:18,159.98
TX100221,CUST1044,Running Shoes,Apparel,71.99,3,2026-05-03 12:06:18,215.97
TX100222,CUST1012,Pen Set,Stationery,4.99,2,2026-05-18 22:13:18,9.98
TX100223,CUST1159,Coffee Maker,Appliances,49.99,2,2026-03-29 20:14:18,99.98
TX100224,CUST1197,Desk Chair,Furniture,149.99,1,2026-03-28 02:30:18,149.99
TX100225,CUST1113,Pen Set,Stationery,4.99,2,2026-04-22 21:04:18,9.98
TX100226,CUST1089,Coffee Maker,Appliances,44.99,1,2026-02-23 22:12:18,44.99
TX100227,CUST1159,Coffee Maker,Appliances,44.99,2,2026-05-09 21:59:18,89.98
TX100228,CUST1163,Running Shoes,Apparel,71.99,2,2026-05-05 22:21:18,143.98
TX100229,CUST1199,Toaster,Appliances,25.49,2,2026-05-15 10:00:18,50.98
TX100230,CUST1059,Headphones,Electronics,89.99,2,2026-03-22 00:02:18,179.98
TX100231,CUST1039,Desk Chair,Furniture,149.99,2,2026-05-08 20:50:18,299.98
TX100232,CUST1146,Desk Chair,Furniture,127.49,2,2026-04-16 21:04:18,254.98
TX100233,CUST1006,Pen Set,Stationery,4.24,2,2026-05-05 15:20:18,8.48
TX100234,CUST1115,Notebook,Stationery,2.69,3,2026-03-23 12:05:18,8.07
TX100235,CUST1117,Desk Chair,Furniture,149.99,1,2026-04-22 18:31:18,149.99
TX100236,CUST1076,Smartphone,Electronics,629.99,1,2026-04-17 05:27:18,629.99
TX100237,CUST1192,Desk Chair,Furniture,127.49,2,2026-05-09 10:16:18,254.98
TX100238,CUST1059,Running Shoes,Apparel,71.99,2,2026-04-04 03:06:18,143.98
TX100239,CUST1119,Headphones,Electronics,89.99,2,2026-03-17 10:51:18,179.98
TX100240,CUST1090,Running Shoes,Apparel,71.99,2,2026-05-01 10:47:18,143.98
TX100241,CUST1138,Pen Set,Stationery,4.24,3,2026-03-26 02:56:18,12.72
TX100242,CUST1105,Running Shoes,Apparel,67.99,3,2026-03-22 17:31:18,203.97
TX100243,CUST1085,Laptop,Electronics,999.99,1,2026-04-01 08:55:18,999.99
TX100244,CUST1035,Smartphone,Electronics,594.99,2,2026-04-15 02:59:18,1189.98
TX100245,CUST1068,Toaster,Appliances,26.99,3,2026-04-27 01:36:18,80.97
TX100246,CUST1100,Headphones,Electronics,89.99,2,2026-03-16 07:50:18,179.98
TX100247,CUST1131,Toaster,Appliances,26.99,3,2026-04-15 23:05:18,80.97
TX100248,CUST1125,Toaster,Appliances,29.99,1,2026-03-06 21:48:18,29.99
TX100249,CUST1138,Laptop,Electronics,849.99,1,2026-04-01 21:40:18,849.99
TX100250,CUST1005,Toaster,Appliances,25.49,2,2026-04-26 18:48:18,50.98
TX100251,CUST1047,Notebook,Stationery,2.54,2,2026-02-28 15:40:18,5.08
TX100252,CUST1194,Notebook,Stationery,2.54,1,2026-03-11 14:05:18,2.54
TX100253,CUST1189,Backpack,Accessories,33.99,2,2026-03-28 02:01:18,67.98
TX100254,CUST1103,Coffee Maker,Appliances,49.99,2,2026-05-17 12:44:18,99.98
TX100255,CUST1007,Laptop,Electronics,899.99,2,2026-04-30 16:50:18,1799.98
TX100256,CUST1039,Desk Chair,Furniture,127.49,2,2026-03-13 06:24:18,254.98
TX100257,CUST1067,Smartphone,Electronics,699.99,3,2026-04-13 20:57:18,2099.97
TX100258,CUST1018,Smartphone,Electronics,594.99,3,2026-04-06 11:46:18,1784.97
TX100259,CUST1167,Running Shoes,Apparel,79.99,2,2026-04-01 08:05:18,159.98
TX100260,CUST1017,Notebook,Stationery,2.69,1,2026-03-21 22:25:18,2.69
TX100261,CUST1136,Pen Set,Stationery,4.49,1,2026-02-24 17:26:18,4.49
TX100262,CUST1195,Notebook,Stationery,2.69,1,2026-05-09 22:52:18,2.69
TX100263,CUST1063,Notebook,Stationery,2.69,1,2026-03-31 02:20:18,2.69
TX100264,CUST1191,Toaster,Appliances,26.99,2,2026-03-30 15:04:18,53.98
TX100265,CUST1109,Toaster,Appliances,26.99,2,2026-04-26 10:56:18,53.98
TX100266,CUST1131,Toaster,Appliances,26.99,3,2026-05-16 01:18:18,80.97
TX100267,CUST1160,Backpack,Accessories,39.99,2,2026-04-18 13:06:18,79.98
TX100268,CUST1098,Pen Set,Stationery,4.99,1,2026-04-20 12:25:18,4.99
TX100269,CUST1163,Backpack,Accessories,33.99,2,2026-04-20 19:47:18,67.98
TX100270,CUST1047,Laptop,Electronics,899.99,3,2026-03-03 10:16:18,2699.97
TX100271,CUST1129,Coffee Maker,Appliances,49.99,3,2026-04-24 07:15:18,149.97
TX100272,CUST1016,Toaster,Appliances,25.49,1,2026-03-02 00:24:18,25.49
TX100273,CUST1020,Toaster,Appliances,29.99,3,2026-04-25 01:55:18,89.97
TX100274,CUST1029,Running Shoes,Apparel,71.99,2,2026-04-20 23:21:18,143.98
TX100275,CUST1103,Toaster,Appliances,26.99,3,2026-05-13 16:47:18,80.97
TX100276,CUST1104,Pen Set,Stationery,4.99,3,2026-03-12 19:58:18,14.97
TX100277,CUST1181,Desk Chair,Furniture,134.99,1,2026-03-18 23:10:18,134.99
TX100278,CUST1142,Pen Set,Stationery,4.24,3,2026-04-27 18:23:18,12.72
TX100279,CUST1008,Laptop,Electronics,999.99,1,2026-04-18 13:59:18,999.99
TX100280,CUST1040,Backpack,Accessories,39.99,1,2026-05-13 08:11:18,39.99
TX100281,CUST1200,Desk Chair,Furniture,127.49,1,2026-02-26 10:46:18,127.49
TX100282,CUST1132,Coffee Maker,Appliances,44.99,1,2026-03-09 19:21:18,44.99
TX100283,CUST1098,Desk Chair,Furniture,127.49,1,2026-03-11 08:13:18,127.49
TX100284,CUST1046,Toaster,Appliances,26.99,1,2026-05-20 10:20:18,26.99
TX100285,CUST1145,Backpack,Accessories,39.99,1,2026-04-12 20:40:18,39.99
TX100286,CUST1127,Desk Chair,Furniture,149.99,3,2026-05-11 03:22:18,449.97
TX100287,CUST1078,Smartphone,Electronics,699.99,3,2026-02-27 23:57:18,2099.97
TX100288,CUST1196,Backpack,Accessories,35.99,3,2026-04-05 22:54:18,107.97
TX100289,CUST1070,Desk Chair,Furniture,134.99,3,2026-03-29 00:57:18,404.97
TX100290,CUST1052,Toaster,Appliances,25.49,3,2026-03-18 23:17:18,76.47
TX100291,CUST1029,Running Shoes,Apparel,71.99,1,2026-03-05 01:55:18,71.99
TX100292,CUST1184,Smartphone,Electronics,594.99,3,2026-04-11 03:09:18,1784.97
TX100293,CUST1182,Toaster,Appliances,25.49,1,2026-04-26 16:09:18,25.49
TX100294,CUST1048,Headphones,Electronics,80.99,2,2026-02-21 00:23:18,161.98
TX100295,CUST1002,Desk Chair,Furniture,134.99,2,2026-04-10 23:59:18,269.98
TX100296,CUST1129,Notebook,Stationery,2.99,3,2026-05-10 16:55:18,8.97
TX100297,CUST1156,Smartphone,Electronics,594.99,2,2026-04-01 14:17:18,1189.98
TX100298,CUST1050,Toaster,Appliances,26.99,2,2026-02-22 01:00:18,53.98
TX100299,CUST1029,Running Shoes,Apparel,79.99,3,2026-02-28 21:38:18,239.97
TX100300,CUST1096,Coffee Maker,Appliances,44.99,2,2026-02-21 20:37:18,89.98
TX100301,CUST1120,Desk Chair,Furniture,134.99,2,2026-03-08 05:10:18,269.98
TX100302,CUST1192,Toaster,Appliances,29.99,2,2026-05-03 08:07:18,59.98
TX100303,CUST1048,Laptop,Electronics,849.99,2,2026-03-15 15:08:18,1699.98
TX100304,CUST1035,Backpack,Accessories,39.99,2,2026-04-02 19:33:18,79.98
TX100305,CUST1150,Desk Chair,Furniture,127.49,2,2026-04-18 11:21:18,254.98
TX100306,CUST1122,Smartphone,Electronics,629.99,3,2026-04-16 12:02:18,1889.97
TX100307,CUST1133,Laptop,Electronics,999.99,2,2026-02-22 16:27:18,1999.98
TX100308,CUST1123,Backpack,Accessories,39.99,3,2026-04-01 07:19:18,119.97
TX100309,CUST1072,Smartphone,Electronics,594.99,2,2026-04-24 13:34:18,1189.98
TX100310,CUST1167,Coffee Maker,Appliances,49.99,1,2026-05-04 16:10:18,49.99
TX100311,CUST1021,Running Shoes,Apparel,67.99,3,2026-03-27 22:45:18,203.97
TX100312,CUST1104,Running Shoes,Apparel,79.99,1,2026-05-20 03:49:18,79.99
TX100313,CUST1024,Running Shoes,Apparel,67.99,1,2026-03-23 13:13:18,67.99
TX100314,CUST1171,Laptop,Electronics,899.99,2,2026-05-10 15:49:18,1799.98
TX100315,CUST1127,Running Shoes,Apparel,67.99,1,2026-03-16 22:42:18,67.99
TX100316,CUST1004,Pen Set,Stationery,4.99,1,2026-05-18 13:52:18,4.99
TX100317,CUST1011,Notebook,Stationery,2.54,3,2026-03-18 01:03:18,7.62
TX100318,CUST1092,Pen Set,Stationery,4.99,2,2026-03-04 07:19:18,9.98
TX100319,CUST1001,Pen Set,Stationery,4.49,1,2026-03-18 20:05:18,4.49
TX100320,CUST1085,Smartphone,Electronics,594.99,2,2026-03-19 15:33:18,1189.98
TX100321,CUST1110,Laptop,Electronics,999.99,2,2026-04-08 02:54:18,1999.98
TX100322,CUST1105,Running Shoes,Apparel,67.99,2,2026-03-11 10:20:18,135.98
TX100323,CUST1107,Backpack,Accessories,39.99,2,2026-03-08 01:56:18,79.98
TX100324,CUST1132,Toaster,Appliances,26.99,2,2026-05-05 00:29:18,53.98
TX100325,CUST1126,Toaster,Appliances,26.99,3,2026-05-15 12:13:18,80.97
TX100326,CUST1080,Coffee Maker,Appliances,42.49,1,2026-03-07 03:27:18,42.49
TX100327,CUST1038,Headphones,Electronics,80.99,3,2026-02-21 12:15:18,242.97
TX100328,CUST1141,Backpack,Accessories,39.99,3,2026-04-14 20:44:18,119.97
TX100329,CUST1134,Pen Set,Stationery,4.99,3,2026-03-19 05:34:18,14.97
TX100330,CUST1067,Coffee Maker,Appliances,49.99,3,2026-04-06 01:52:18,149.97
TX100331,CUST1077,Smartphone,Electronics,699.99,2,2026-05-21 10:53:18,1399.98
TX100332,CUST1097,Notebook,Stationery,2.99,2,2026-03-31 11:13:18,5.98
TX100333,CUST1168,Backpack,Accessories,35.99,1,2026-05-19 01:44:18,35.99
TX100334,CUST1184,Desk Chair,Furniture,134.99,2,2026-04-11 18:16:18,269.98
TX100335,CUST1038,Laptop,Electronics,999.99,1,2026-04-21 17:52:18,999.99
TX100336,CUST1070,Headphones,Electronics,89.99,2,2026-05-01 20:32:18,179.98
TX100337,CUST1186,Running Shoes,Apparel,71.99,1,2026-05-01 21:01:18,71.99
TX100338,CUST1048,Headphones,Electronics,76.49,3,2026-03-28 21:41:18,229.47
TX100339,CUST1114,Pen Set,Stationery,4.24,2,2026-02-22 22:02:18,8.48
TX100340,CUST1200,Backpack,Accessories,39.99,1,2026-03-17 11:58:18,39.99
TX100341,CUST1150,Pen Set,Stationery,4.24,3,2026-04-17 02:33:18,12.72
TX100342,CUST1057,Coffee Maker,Appliances,49.99,1,2026-03-07 20:32:18,49.99
TX100343,CUST1012,Headphones,Electronics,76.49,2,2026-03-22 05:33:18,152.98
TX100344,CUST1082,Headphones,Electronics,89.99,2,2026-02-22 19:22:18,179.98
TX100345,CUST1187,Headphones,Electronics,76.49,1,2026-05-17 17:30:18,76.49
TX100346,CUST1129,Laptop,Electronics,999.99,3,2026-04-22 11:03:18,2999.97
TX100347,CUST1141,Pen Set,Stationery,4.24,2,2026-03-31 22:54:18,8.48
TX100348,CUST1102,Desk Chair,Furniture,134.99,2,2026-05-07 22:37:18,269.98
TX100349,CUST1029,Running Shoes,Apparel,79.99,3,2026-03-25 01:31:18,239.97
TX100350,CUST1101,Smartphone,Electronics,699.99,1,2026-03-12 05:23:18,699.99
TX100351,CUST1001,Pen Set,Stationery,4.99,1,2026-02-21 16:19:18,4.99
TX100352,CUST1015,Headphones,Electronics,89.99,3,2026-03-14 23:18:18,269.97
TX100353,CUST1020,Backpack,Accessories,35.99,2,2026-05-09 21:53:18,71.98
TX100354,CUST1044,Laptop,Electronics,999.99,3,2026-05-18 13:46:18,2999.97
TX100355,CUST1110,Smartphone,Electronics,629.99,1,2026-03-15 14:59:18,629.99
TX100356,CUST1105,Coffee Maker,Appliances,49.99,1,2026-03-03 02:16:18,49.99
TX100357,CUST1051,Running Shoes,Apparel,71.99,3,2026-04-05 19:26:18,215.97
TX100358,CUST1096,Desk Chair,Furniture,134.99,2,2026-03-26 01:52:18,269.98
TX100359,CUST1127,Notebook,Stationery,2.54,2,2026-04-20 05:52:18,5.08
TX100360,CUST1073,Headphones,Electronics,89.99,3,2026-03-04 11:52:18,269.97
TX100361,CUST1011,Headphones,Electronics,80.99,1,2026-04-21 14:51:18,80.99
TX100362,CUST1028,Desk Chair,Furniture,149.99,3,2026-03-01 22:59:18,449.97
TX100363,CUST1040,Notebook,Stationery,2.99,3,2026-04-17 18:03:18,8.97
TX100364,CUST1091,Pen Set,Stationery,4.99,1,2026-03-24 10:17:18,4.99
TX100365,CUST1092,Notebook,Stationery,2.54,2,2026-03-21 12:50:18,5.08
TX100366,CUST1166,Coffee Maker,Appliances,49.99,2,2026-04-08 03:50:18,99.98
TX100367,CUST1017,Toaster,Appliances,25.49,3,2026-05-05 22:09:18,76.47
TX100368,CUST1093,Smartphone,Electronics,594.99,3,2026-03-21 09:27:18,1784.97
TX100369,CUST1073,Backpack,Accessories,33.99,3,2026-03-16 13:05:18,101.97
TX100370,CUST1065,Coffee Maker,Appliances,49.99,3,2026-04-07 13:39:18,149.97
TX100371,CUST1130,Backpack,Accessories,35.99,1,2026-03-20 15:39:18,35.99
TX100372,CUST1021,Running Shoes,Apparel,71.99,2,2026-02-23 03:28:18,143.98
TX100373,CUST1101,Notebook,Stationery,2.99,1,2026-03-13 11:30:18,2.99
TX100374,CUST1040,Coffee Maker,Appliances,44.99,3,2026-05-20 02:16:18,134.97
TX100375,CUST1045,Coffee Maker,Appliances,42.49,3,2026-04-05 10:23:18,127.47
TX100376,CUST1096,Running Shoes,Apparel,71.99,3,2026-02-28 11:10:18,215.97
TX100377,CUST1160,Toaster,Appliances,25.49,1,2026-05-06 16:11:18,25.49
TX100378,CUST1189,Toaster,Appliances,26.99,1,2026-04-16 04:02:18,26.99
TX100379,CUST1139,Notebook,Stationery,2.54,1,2026-03-21 02:48:18,2.54
TX100380,CUST1162,Running Shoes,Apparel,67.99,1,2026-03-08 17:21:18,67.99
TX100381,CUST1031,Desk Chair,Furniture,149.99,3,2026-03-03 20:24:18,449.97
TX100382,CUST1169,Pen Set,Stationery,4.24,2,2026-04-30 02:26:18,8.48
TX100383,CUST1027,Laptop,Electronics,849.99,3,2026-04-11 12:58:18,2549.97
TX100384,CUST1197,Smartphone,Electronics,699.99,2,2026-03-18 15:42:18,1399.98
TX100385,CUST1136,Laptop,Electronics,999.99,2,2026-03-31 00:31:18,1999.98
TX100386,CUST1174,Laptop,Electronics,899.99,2,2026-04-05 08:59:18,1799.98
TX100387,CUST1183,Headphones,Electronics,89.99,3,2026-04-08 18:19:18,269.97
TX100388,CUST1154,Headphones,Electronics,89.99,1,2026-03-14 06:40:18,89.99
TX100389,CUST1068,Backpack,Accessories,35.99,2,2026-02-22 22:21:18,71.98
TX100390,CUST1189,Headphones,Electronics,76.49,1,2026-03-08 20:25:18,76.49
TX100391,CUST1145,Smartphone,Electronics,594.99,1,2026-04-09 00:01:18,594.99
TX100392,CUST1020,Toaster,Appliances,29.99,1,2026-03-26 13:54:18,29.99
TX100393,CUST1015,Pen Set,Stationery,4.24,2,2026-03-11 08:43:18,8.48
TX100394,CUST1183,Desk Chair,Furniture,149.99,1,2026-03-26 17:44:18,149.99
TX100395,CUST1126,Headphones,Electronics,80.99,3,2026-03-25 02:06:18,242.97
TX100396,CUST1116,Pen Set,Stationery,4.24,2,2026-04-22 04:42:18,8.48
TX100397,CUST1052,Notebook,Stationery,2.69,2,2026-03-28 20:44:18,5.38
TX100398,CUST1041,Coffee Maker,Appliances,42.49,1,2026-03-29 11:06:18,42.49
TX100399,CUST1102,Desk Chair,Furniture,134.99,3,2026-05-16 21:10:18,404.97
TX100400,CUST1160,Running Shoes,Apparel,71.99,1,2026-03-28 20:26:18,71.99
TX100401,CUST1033,Toaster,Appliances,29.99,2,2026-02-24 02:32:18,59.98
TX100402,CUST1198,Coffee Maker,Appliances,42.49,2,2026-04-05 01:08:18,84.98
TX100403,CUST1078,Headphones,Electronics,76.49,1,2026-02-27 23:03:18,76.49
TX100404,CUST1030,Notebook,Stationery,2.99,3,2026-05-16 15:31:18,8.97
TX100405,CUST1123,Smartphone,Electronics,699.99,2,2026-04-20 05:27:18,1399.98
TX100406,CUST1077,Desk Chair,Furniture,149.99,2,2026-04-03 06:26:18,299.98
TX100407,CUST1069,Desk Chair,Furniture,127.49,1,2026-04-14 03:01:18,127.49
TX100408,CUST1119,Backpack,Accessories,35.99,1,2026-05-20 21:06:18,35.99
TX100409,CUST1026,Running Shoes,Apparel,71.99,3,2026-04-16 11:57:18,215.97
TX100410,CUST1082,Coffee Maker,Appliances,42.49,2,2026-02-21 15:34:18,84.98
TX100411,CUST1095,Smartphone,Electronics,594.99,1,2026-04-29 16:22:18,594.99
TX100412,CUST1171,Headphones,Electronics,76.49,3,2026-03-23 12:15:18,229.47
TX100413,CUST1003,Laptop,Electronics,999.99,2,2026-03-11 07:58:18,1999.98
TX100414,CUST1123,Smartphone,Electronics,629.99,2,2026-04-29 03:59:18,1259.98
TX100415,CUST1186,Toaster,Appliances,29.99,3,2026-03-25 05:05:18,89.97
TX100416,CUST1022,Toaster,Appliances,29.99,2,2026-03-13 07:57:18,59.98
TX100417,CUST1194,Laptop,Electronics,849.99,3,2026-04-03 21:39:18,2549.97
TX100418,CUST1125,Running Shoes,Apparel,67.99,2,2026-05-07 19:17:18,135.98
TX100419,CUST1015,Coffee Maker,Appliances,49.99,2,2026-04-23 17:24:18,99.98
TX100420,CUST1095,Notebook,Stationery,2.69,1,2026-05-14 04:16:18,2.69
TX100421,CUST1076,Backpack,Accessories,35.99,1,2026-04-27 05:07:18,35.99
TX100422,CUST1018,Smartphone,Electronics,629.99,2,2026-04-15 11:33:18,1259.98
TX100423,CUST1114,Headphones,Electronics,80.99,3,2026-05-15 02:31:18,242.97
TX100424,CUST1104,Desk Chair,Furniture,134.99,3,2026-03-15 00:20:18,404.97
TX100425,CUST1085,Smartphone,Electronics,594.99,3,2026-04-21 04:42:18,1784.97
TX100426,CUST1126,Desk Chair,Furniture,149.99,2,2026-05-02 21:09:18,299.98
TX100427,CUST1043,Smartphone,Electronics,594.99,3,2026-05-14 07:28:18,1784.97
TX100428,CUST1106,Backpack,Accessories,33.99,3,2026-03-02 05:54:18,101.97
TX100429,CUST1020,Desk Chair,Furniture,149.99,2,2026-03-10 03:52:18,299.98
TX100430,CUST1174,Laptop,Electronics,999.99,3,2026-05-14 15:55:18,2999.97
TX100431,CUST1026,Coffee Maker,Appliances,44.99,1,2026-04-04 22:48:18,44.99
TX100432,CUST1099,Headphones,Electronics,80.99,3,2026-03-25 19:43:18,242.97
TX100433,CUST1180,Toaster,Appliances,26.99,2,2026-03-23 03:27:18,53.98
TX100434,CUST1165,Smartphone,Electronics,594.99,1,2026-03-05 07:02:18,594.99
TX100435,CUST1058,Desk Chair,Furniture,149.99,2,2026-05-10 19:23:18,299.98
TX100436,CUST1105,Pen Set,Stationery,4.49,3,2026-04-18 09:26:18,13.47
TX100437,CUST1172,Smartphone,Electronics,629.99,1,2026-05-02 07:15:18,629.99
TX100438,CUST1116,Laptop,Electronics,899.99,3,2026-03-08 02:00:18,2699.97
TX100439,CUST1181,Pen Set,Stationery,4.99,1,2026-04-21 16:22:18,4.99
TX100440,CUST1171,Backpack,Accessories,39.99,2,2026-04-05 14:08:18,79.98
TX100441,CUST1102,Pen Set,Stationery,4.99,1,2026-03-19 15:53:18,4.99
TX100442,CUST1186,Backpack,Accessories,33.99,2,2026-04-30 07:15:18,67.98
TX100443,CUST1137,Running Shoes,Apparel,71.99,1,2026-02-25 16:09:18,71.99
TX100444,CUST1165,Desk Chair,Furniture,149.99,3,2026-03-15 03:51:18,449.97
TX100445,CUST1064,Headphones,Electronics,80.99,2,2026-04-14 01:42:18,161.98
TX100446,CUST1041,Smartphone,Electronics,594.99,1,2026-04-13 12:33:18,594.99
TX100447,CUST1027,Notebook,Stationery,2.99,1,2026-03-22 14:45:18,2.99
TX100448,CUST1005,Notebook,Stationery,2.69,1,2026-05-05 00:56:18,2.69
TX100449,CUST1189,Desk Chair,Furniture,134.99,1,2026-03-02 06:46:18,134.99
TX100450,CUST1133,Running Shoes,Apparel,79.99,3,2026-04-23 07:40:18,239.97
TX100451,CUST1140,Pen Set,Stationery,4.99,2,2026-04-30 07:10:18,9.98
TX100452,CUST1007,Running Shoes,Apparel,79.99,3,2026-03-20 10:59:18,239.97
TX100453,CUST1172,Laptop,Electronics,999.99,1,2026-05-01 17:07:18,999.99
TX100454,CUST1022,Desk Chair,Furniture,149.99,2,2026-04-29 11:57:18,299.98
TX100455,CUST1071,Desk Chair,Furniture,127.49,3,2026-05-20 10:23:18,382.47
TX100456,CUST1164,Headphones,Electronics,76.49,1,2026-03-01 06:33:18,76.49
TX100457,CUST1096,Desk Chair,Furniture,149.99,3,2026-03-29 22:10:18,449.97
TX100458,CUST1100,Smartphone,Electronics,594.99,3,2026-03-10 08:40:18,1784.97
TX100459,CUST1190,Laptop,Electronics,849.99,2,2026-03-28 04:59:18,1699.98
TX100460,CUST1039,Pen Set,Stationery,4.49,1,2026-05-19 04:18:18,4.49
TX100461,CUST1178,Notebook,Stationery,2.69,3,2026-04-08 16:22:18,8.07
TX100462,CUST1141,Toaster,Appliances,25.49,1,2026-03-02 16:57:18,25.49
TX100463,CUST1176,Toaster,Appliances,29.99,2,2026-04-06 15:32:18,59.98
TX100464,CUST1146,Laptop,Electronics,999.99,3,2026-04-24 06:52:18,2999.97
TX100465,CUST1013,Toaster,Appliances,26.99,1,2026-03-10 12:29:18,26.99
TX100466,CUST1011,Laptop,Electronics,899.99,2,2026-03-10 08:06:18,1799.98
TX100467,CUST1193,Smartphone,Electronics,629.99,1,2026-02-21 06:33:18,629.99
TX100468,CUST1035,Notebook,Stationery,2.69,2,2026-03-05 13:42:18,5.38
TX100469,CUST1170,Laptop,Electronics,999.99,2,2026-03-27 09:12:18,1999.98
TX100470,CUST1174,Notebook,Stationery,2.99,1,2026-05-13 11:06:18,2.99
TX100471,CUST1118,Backpack,Accessories,39.99,3,2026-03-14 03:58:18,119.97
TX100472,CUST1061,Pen Set,Stationery,4.49,1,2026-03-18 07:09:18,4.49
TX100473,CUST1162,Headphones,Electronics,80.99,2,2026-03-06 11:45:18,161.98
TX100474,CUST1140,Smartphone,Electronics,699.99,1,2026-05-14 05:21:18,699.99
TX100475,CUST1002,Backpack,Accessories,35.99,1,2026-04-13 21:17:18,35.99
TX100476,CUST1196,Laptop,Electronics,999.99,3,2026-03-23 07:46:18,2999.97
TX100477,CUST1149,Running Shoes,Apparel,67.99,1,2026-04-28 08:19:18,67.99
TX100478,CUST1146,Backpack,Accessories,39.99,3,2026-03-24 16:34:18,119.97
TX100479,CUST1131,Backpack,Accessories,39.99,1,2026-05-18 20:58:18,39.99
TX100480,CUST1004,Laptop,Electronics,999.99,2,2026-03-05 00:18:18,1999.98
TX100481,CUST1037,Smartphone,Electronics,594.99,1,2026-03-17 18:20:18,594.99
TX100482,CUST1188,Notebook,Stationery,2.99,3,2026-03-26 13:43:18,8.97
TX100483,CUST1018,Pen Set,Stationery,4.49,2,2026-04-30 22:53:18,8.98
TX100484,CUST1136,Coffee Maker,Appliances,49.99,2,2026-04-14 00:56:18,99.98
TX100485,CUST1113,Smartphone,Electronics,594.99,3,2026-03-21 10:31:18,1784.97
TX100486,CUST1168,Headphones,Electronics,76.49,1,2026-04-07 01:12:18,76.49
TX100487,CUST1079,Running Shoes,Apparel,71.99,2,2026-03-22 18:25:18,143.98
TX100488,CUST1076,Coffee Maker,Appliances,42.49,1,2026-05-02 07:28:18,42.49
TX100489,CUST1168,Desk Chair,Furniture,149.99,2,2026-04-22 09:47:18,299.98
TX100490,CUST1173,Running Shoes,Apparel,79.99,2,2026-04-06 20:57:18,159.98
TX100491,CUST1029,Smartphone,Electronics,699.99,1,2026-02-20 09:40:18,699.99
TX100492,CUST1093,Toaster,Appliances,29.99,1,2026-04-28 21:43:18,29.99
TX100493,CUST1073,Pen Set,Stationery,4.24,1,2026-03-24 07:58:18,4.24
TX100494,CUST1073,Toaster,Appliances,25.49,1,2026-03-20 08:55:18,25.49
TX100495,CUST1104,Smartphone,Electronics,699.99,1,2026-02-25 08:48:18,699.99
TX100496,CUST1132,Backpack,Accessories,39.99,1,2026-05-06 14:44:18,39.99
TX100497,CUST1122,Headphones,Electronics,89.99,2,2026-04-08 05:07:18,179.98
TX100498,CUST1066,Notebook,Stationery,2.69,3,2026-04-22 08:06:18,8.07
TX100499,CUST1117,Smartphone,Electronics,629.99,2,2026-04-14 20:02:18,1259.98
TX100500,CUST1182,Smartphone,Electronics,699.99,2,2026-05-01 02:53:18,1399.98
TX100501,CUST1084,Smartphone,Electronics,594.99,2,2026-02-20 05:33:18,1189.98
TX100502,CUST1137,Backpack,Accessories,39.99,2,2026-05-03 09:35:18,79.98
TX100503,CUST1179,Running Shoes,Apparel,79.99,3,2026-03-06 01:37:18,239.97
TX100504,CUST1019,Backpack,Accessories,39.99,2,2026-02-24 11:06:18,79.98
TX100505,CUST1088,Backpack,Accessories,39.99,1,2026-03-30 20:36:18,39.99
TX100506,CUST1019,Desk Chair,Furniture,134.99,3,2026-05-20 19:14:18,404.97
TX100507,CUST1083,Backpack,Accessories,33.99,3,2026-04-21 22:21:18,101.97
TX100508,CUST1057,Smartphone,Electronics,594.99,2,2026-03-23 22:28:18,1189.98
TX100509,CUST1027,Running Shoes,Apparel,79.99,3,2026-04-26 19:27:18,239.97
TX100510,CUST1117,Coffee Maker,Appliances,42.49,2,2026-03-11 07:54:18,84.98
TX100511,CUST1180,Backpack,Accessories,35.99,1,2026-02-21 21:16:18,35.99
TX100512,CUST1163,Smartphone,Electronics,629.99,3,2026-02-28 13:16:18,1889.97
TX100513,CUST1120,Backpack,Accessories,33.99,3,2026-04-05 10:02:18,101.97
TX100514,CUST1026,Pen Set,Stationery,4.49,1,2026-02-23 10:07:18,4.49
TX100515,CUST1043,Laptop,Electronics,899.99,2,2026-04-02 22:22:18,1799.98
TX100516,CUST1197,Backpack,Accessories,35.99,2,2026-03-17 06:49:18,71.98
TX100517,CUST1182,Laptop,Electronics,849.99,1,2026-04-23 23:54:18,849.99
TX100518,CUST1153,Toaster,Appliances,29.99,1,2026-04-03 15:41:18,29.99
TX100519,CUST1183,Notebook,Stationery,2.69,2,2026-04-23 04:46:18,5.38
TX100520,CUST1160,Desk Chair,Furniture,127.49,3,2026-04-14 06:32:18,382.47
TX100521,CUST1116,Running Shoes,Apparel,79.99,2,2026-04-02 02:49:18,159.98
TX100522,CUST1129,Notebook,Stationery,2.69,3,2026-03-03 13:01:18,8.07
TX100523,CUST1105,Notebook,Stationery,2.69,1,2026-04-29 00:10:18,2.69
TX100524,CUST1012,Pen Set,Stationery,4.24,1,2026-03-14 09:08:18,4.24
TX100525,CUST1140,Laptop,Electronics,849.99,1,2026-05-09 13:13:18,849.99
TX100526,CUST1087,Running Shoes,Apparel,79.99,1,2026-04-15 15:58:18,79.99
TX100527,CUST1192,Notebook,Stationery,2.54,2,2026-05-10 03:26:18,5.08
TX100528,CUST1105,Running Shoes,Apparel,71.99,2,2026-04-28 22:25:18,143.98
TX100529,CUST1102,Desk Chair,Furniture,134.99,2,2026-03-08 21:43:18,269.98
TX100530,CUST1113,Coffee Maker,Appliances,42.49,2,2026-02-22 22:20:18,84.98
TX100531,CUST1130,Notebook,Stationery,2.99,3,2026-05-08 17:35:18,8.97
TX100532,CUST1067,Running Shoes,Apparel,79.99,3,2026-05-15 12:30:18,239.97
TX100533,CUST1153,Desk Chair,Furniture,149.99,1,2026-04-14 23:47:18,149.99
TX100534,CUST1122,Notebook,Stationery,2.69,1,2026-03-05 23:49:18,2.69
TX100535,CUST1186,Backpack,Accessories,35.99,3,2026-03-26 19:30:18,107.97
TX100536,CUST1084,Laptop,Electronics,849.99,2,2026-02-20 16:15:18,1699.98
TX100537,CUST1018,Backpack,Accessories,39.99,1,2026-04-09 18:21:18,39.99
TX100538,CUST1095,Desk Chair,Furniture,127.49,1,2026-03-15 05:06:18,127.49
TX100539,CUST1158,Pen Set,Stationery,4.49,1,2026-02-24 23:09:18,4.49
TX100540,CUST1033,Desk Chair,Furniture,134.99,3,2026-03-16 19:31:18,404.97
TX100541,CUST1166,Coffee Maker,Appliances,49.99,3,2026-03-15 15:47:18,149.97
TX100542,CUST1178,Laptop,Electronics,899.99,2,2026-05-09 16:52:18,1799.98
TX100543,CUST1067,Laptop,Electronics,899.99,1,2026-05-16 01:29:18,899.99
TX100544,CUST1144,Toaster,Appliances,29.99,3,2026-03-11 06:04:18,89.97
TX100545,CUST1071,Coffee Maker,Appliances,42.49,1,2026-03-12 00:53:18,42.49
TX100546,CUST1134,Coffee Maker,Appliances,44.99,2,2026-04-24 19:55:18,89.98
TX100547,CUST1178,Running Shoes,Apparel,71.99,3,2026-05-20 02:44:18,215.97
TX100548,CUST1122,Toaster,Appliances,25.49,2,2026-03-28 14:22:18,50.98
TX100549,CUST1049,Smartphone,Electronics,699.99,3,2026-03-26 00:05:18,2099.97
TX100550,CUST1075,Desk Chair,Furniture,149.99,3,2026-02-25 19:44:18,449.97
TX100551,CUST1146,Smartphone,Electronics,629.99,3,2026-03-27 19:01:18,1889.97
TX100552,CUST1191,Pen Set,Stationery,4.24,3,2026-04-03 02:50:18,12.72
TX100553,CUST1049,Backpack,Accessories,35.99,2,2026-04-25 21:43:18,71.98
TX100554,CUST1014,Laptop,Electronics,849.99,3,2026-03-25 04:22:18,2549.97
TX100555,CUST1073,Coffee Maker,Appliances,44.99,1,2026-04-04 02:07:18,44.99
TX100556,CUST1139,Pen Set,Stationery,4.49,2,2026-03-17 14:33:18,8.98
TX100557,CUST1163,Smartphone,Electronics,594.99,3,2026-05-19 09:21:18,1784.97
TX100558,CUST1056,Toaster,Appliances,25.49,1,2026-03-17 09:54:18,25.49
TX100559,CUST1033,Pen Set,Stationery,4.99,3,2026-03-16 03:29:18,14.97
TX100560,CUST1168,Running Shoes,Apparel,71.99,1,2026-03-14 06:09:18,71.99
TX100561,CUST1158,Backpack,Accessories,35.99,2,2026-04-30 17:45:18,71.98
TX100562,CUST1200,Headphones,Electronics,80.99,2,2026-03-25 09:27:18,161.98
TX100563,CUST1141,Coffee Maker,Appliances,42.49,2,2026-05-12 09:43:18,84.98
TX100564,CUST1072,Desk Chair,Furniture,134.99,2,2026-04-26 15:06:18,269.98
TX100565,CUST1148,Notebook,Stationery,2.54,3,2026-04-15 00:43:18,7.62
TX100566,CUST1193,Desk Chair,Furniture,134.99,3,2026-05-06 18:44:18,404.97
TX100567,CUST1168,Laptop,Electronics,849.99,3,2026-04-09 12:37:18,2549.97
TX100568,CUST1185,Laptop,Electronics,849.99,1,2026-03-27 02:42:18,849.99
TX100569,CUST1159,Headphones,Electronics,76.49,2,2026-04-18 13:49:18,152.98
TX100570,CUST1076,Laptop,Electronics,849.99,2,2026-05-01 23:18:18,1699.98
TX100571,CUST1107,Notebook,Stationery,2.99,3,2026-05-03 18:05:18,8.97
TX100572,CUST1128,Laptop,Electronics,849.99,2,2026-03-28 20:08:18,1699.98
TX100573,CUST1129,Laptop,Electronics,899.99,1,2026-03-28 09:06:18,899.99
TX100574,CUST1185,Desk Chair,Furniture,127.49,1,2026-04-21 14:52:18,127.49
TX100575,CUST1166,Backpack,Accessories,33.99,1,2026-04-12 01:37:18,33.99
TX100576,CUST1039,Notebook,Stationery,2.69,1,2026-04-21 12:00:18,2.69
TX100577,CUST1188,Smartphone,Electronics,699.99,1,2026-02-19 17:46:18,699.99
TX100578,CUST1185,Notebook,Stationery,2.54,3,2026-03-30 21:34:18,7.62
TX100579,CUST1065,Notebook,Stationery,2.54,3,2026-04-30 22:21:18,7.62
TX100580,CUST1049,Laptop,Electronics,999.99,1,2026-04-21 17:23:18,999.99
TX100581,CUST1088,Coffee Maker,Appliances,42.49,3,2026-03-02 14:39:18,127.47
TX100582,CUST1041,Desk Chair,Furniture,127.49,2,2026-03-09 11:19:18,254.98
TX100583,CUST1039,Desk Chair,Furniture,134.99,2,2026-04-29 14:28:18,269.98
TX100584,CUST1067,Pen Set,Stationery,4.99,3,2026-05-12 20:32:18,14.97
TX100585,CUST1196,Desk Chair,Furniture,127.49,2,2026-05-07 22:40:18,254.98
TX100586,CUST1106,Laptop,Electronics,899.99,3,2026-04-30 01:06:18,2699.97
TX100587,CUST1116,Desk Chair,Furniture,127.49,1,2026-03-09 05:01:18,127.49
TX100588,CUST1067,Desk Chair,Furniture,134.99,2,2026-04-23 14:39:18,269.98
TX100589,CUST1034,Toaster,Appliances,26.99,1,2026-04-24 14:04:18,26.99
TX100590,CUST1117,Pen Set,Stationery,4.49,2,2026-05-20 19:07:18,8.98
TX100591,CUST1011,Desk Chair,Furniture,127.49,3,2026-04-22 13:19:18,382.47
TX100592,CUST1062,Running Shoes,Apparel,71.99,2,2026-03-07 16:40:18,143.98
TX100593,CUST1082,Coffee Maker,Appliances,44.99,1,2026-04-05 19:55:18,44.99
TX100594,CUST1146,Running Shoes,Apparel,67.99,1,2026-05-20 10:00:18,67.99
TX100595,CUST1158,Smartphone,Electronics,699.99,1,2026-05-06 22:52:18,699.99
TX100596,CUST1093,Toaster,Appliances,29.99,1,2026-03-09 21:13:18,29.99
TX100597,CUST1099,Notebook,Stationery,2.99,2,2026-05-06 18:45:18,5.98
TX100598,CUST1179,Coffee Maker,Appliances,44.99,3,2026-04-08 05:28:18,134.97
TX100599,CUST1138,Coffee Maker,Appliances,49.99,3,2026-03-07 12:46:18,149.97
TX100600,CUST1128,Running Shoes,Apparel,71.99,1,2026-02-28 04:56:18,71.99
TX100601,CUST1195,Pen Set,Stationery,4.99,2,2026-05-14 18:53:18,9.98
TX100602,CUST1176,Desk Chair,Furniture,134.99,1,2026-05-11 04:39:18,134.99
TX100603,CUST1089,Toaster,Appliances,29.99,2,2026-05-04 20:16:18,59.98
TX100604,CUST1028,Pen Set,Stationery,4.99,2,2026-04-22 08:49:18,9.98
TX100605,CUST1102,Notebook,Stationery,2.54,1,2026-03-02 14:48:18,2.54
TX100606,CUST1059,Toaster,Appliances,25.49,2,2026-02-20 10:10:18,50.98
TX100607,CUST1173,Smartphone,Electronics,629.99,3,2026-02-24 16:37:18,1889.97
TX100608,CUST1078,Pen Set,Stationery,4.99,1,2026-03-03 09:00:18,4.99
TX100609,CUST1170,Notebook,Stationery,2.99,2,2026-03-16 22:56:18,5.98
TX100610,CUST1157,Notebook,Stationery,2.99,2,2026-03-13 12:45:18,5.98
TX100611,CUST1051,Backpack,Accessories,33.99,2,2026-04-10 23:20:18,67.98
TX100612,CUST1192,Laptop,Electronics,849.99,3,2026-02-25 03:21:18,2549.97
TX100613,CUST1053,Backpack,Accessories,39.99,3,2026-04-15 13:19:18,119.97
TX100614,CUST1175,Laptop,Electronics,899.99,1,2026-04-23 00:51:18,899.99
TX100615,CUST1079,Laptop,Electronics,899.99,3,2026-04-20 23:30:18,2699.97
TX100616,CUST1033,Notebook,Stationery,2.54,1,2026-03-05 02:40:18,2.54
TX100617,CUST1120,Desk Chair,Furniture,127.49,1,2026-03-27 01:43:18,127.49
TX100618,CUST1160,Smartphone,Electronics,594.99,1,2026-03-28 00:01:18,594.99
TX100619,CUST1169,Laptop,Electronics,849.99,1,2026-03-11 05:02:18,849.99
TX100620,CUST1142,Running Shoes,Apparel,79.99,1,2026-04-16 12:22:18,79.99
TX100621,CUST1061,Notebook,Stationery,2.99,3,2026-05-01 03:03:18,8.97
TX100622,CUST1110,Notebook,Stationery,2.99,2,2026-03-07 18:44:18,5.98
TX100623,CUST1181,Smartphone,Electronics,629.99,2,2026-04-29 11:16:18,1259.98
TX100624,CUST1021,Desk Chair,Furniture,134.99,1,2026-03-25 21:08:18,134.99
TX100625,CUST1134,Running Shoes,Apparel,71.99,2,2026-03-01 12:24:18,143.98
TX100626,CUST1009,Pen Set,Stationery,4.24,1,2026-04-19 03:32:18,4.24
TX100627,CUST1140,Coffee Maker,Appliances,44.99,1,2026-04-12 22:30:18,44.99
TX100628,CUST1079,Headphones,Electronics,80.99,3,2026-03-11 01:03:18,242.97
TX100629,CUST1029,Toaster,Appliances,26.99,1,2026-02-27 04:14:18,26.99
TX100630,CUST1022,Backpack,Accessories,39.99,2,2026-03-12 01:55:18,79.98
TX100631,CUST1079,Laptop,Electronics,899.99,1,2026-04-11 21:30:18,899.99
TX100632,CUST1072,Laptop,Electronics,999.99,1,2026-03-31 02:25:18,999.99
TX100633,CUST1105,Smartphone,Electronics,594.99,1,2026-05-17 17:15:18,594.99
TX100634,CUST1154,Laptop,Electronics,849.99,3,2026-03-17 16:40:18,2549.97
TX100635,CUST1181,Laptop,Electronics,999.99,2,2026-03-13 03:54:18,1999.98
TX100636,CUST1068,Running Shoes,Apparel,71.99,1,2026-04-24 17:28:18,71.99
TX100637,CUST1007,Toaster,Appliances,25.49,1,2026-05-19 02:22:18,25.49
TX100638,CUST1060,Pen Set,Stationery,4.49,3,2026-05-17 18:28:18,13.47
TX100639,CUST1068,Headphones,Electronics,89.99,1,2026-02-20 05:00:18,89.99
TX100640,CUST1194,Coffee Maker,Appliances,42.49,3,2026-05-13 03:54:18,127.47
TX100641,CUST1055,Running Shoes,Apparel,79.99,2,2026-03-14 07:38:18,159.98
TX100642,CUST1094,Smartphone,Electronics,699.99,3,2026-03-28 04:38:18,2099.97
TX100643,CUST1086,Backpack,Accessories,33.99,2,2026-02-23 02:22:18,67.98
TX100644,CUST1071,Smartphone,Electronics,594.99,3,2026-05-03 13:06:18,1784.97
TX100645,CUST1092,Smartphone,Electronics,699.99,1,2026-03-08 07:02:18,699.99
TX100646,CUST1023,Pen Set,Stationery,4.24,3,2026-04-14 23:58:18,12.72
TX100647,CUST1141,Desk Chair,Furniture,134.99,1,2026-04-30 02:27:18,134.99
TX100648,CUST1115,Smartphone,Electronics,629.99,2,2026-03-23 22:18:18,1259.98
TX100649,CUST1139,Coffee Maker,Appliances,44.99,1,2026-03-05 20:58:18,44.99
TX100650,CUST1048,Desk Chair,Furniture,149.99,3,2026-03-15 14:33:18,449.97
TX100651,CUST1140,Desk Chair,Furniture,127.49,2,2026-05-09 16:09:18,254.98
TX100652,CUST1131,Headphones,Electronics,76.49,3,2026-04-22 06:58:18,229.47
TX100653,CUST1139,Smartphone,Electronics,699.99,1,2026-03-15 11:21:18,699.99
TX100654,CUST1047,Coffee Maker,Appliances,49.99,2,2026-05-06 11:04:18,99.98
TX100655,CUST1074,Desk Chair,Furniture,134.99,3,2026-04-04 16:48:18,404.97
TX100656,CUST1184,Laptop,Electronics,999.99,1,2026-04-05 17:11:18,999.99
TX100657,CUST1050,Coffee Maker,Appliances,42.49,1,2026-05-08 00:59:18,42.49
TX100658,CUST1063,Desk Chair,Furniture,134.99,1,2026-03-15 12:30:18,134.99
TX100659,CUST1142,Backpack,Accessories,39.99,2,2026-03-30 10:49:18,79.98
TX100660,CUST1139,Running Shoes,Apparel,71.99,3,2026-03-29 19:01:18,215.97
TX100661,CUST1072,Coffee Maker,Appliances,44.99,1,2026-04-25 10:59:18,44.99
TX100662,CUST1161,Pen Set,Stationery,4.99,3,2026-05-06 05:00:18,14.97
TX100663,CUST1126,Headphones,Electronics,76.49,2,2026-04-11 16:41:18,152.98
TX100664,CUST1086,Running Shoes,Apparel,71.99,1,2026-03-07 13:08:18,71.99
TX100665,CUST1188,Running Shoes,Apparel,67.99,1,2026-04-05 21:03:18,67.99
TX100666,CUST1116,Running Shoes,Apparel,67.99,3,2026-03-22 14:34:18,203.97
TX100667,CUST1029,Smartphone,Electronics,629.99,1,2026-02-23 13:22:18,629.99
TX100668,CUST1129,Pen Set,Stationery,4.24,2,2026-04-14 01:17:18,8.48
TX100669,CUST1115,Toaster,Appliances,29.99,2,2026-05-18 01:05:18,59.98
TX100670,CUST1157,Backpack,Accessories,35.99,2,2026-04-09 03:54:18,71.98
TX100671,CUST1158,Smartphone,Electronics,629.99,3,2026-03-04 21:27:18,1889.97
TX100672,CUST1193,Running Shoes,Apparel,71.99,3,2026-05-14 03:47:18,215.97
TX100673,CUST1185,Notebook,Stationery,2.54,2,2026-04-09 11:29:18,5.08
TX100674,CUST1057,Laptop,Electronics,849.99,3,2026-04-28 09:32:18,2549.97
TX100675,CUST1179,Headphones,Electronics,89.99,3,2026-05-03 14:45:18,269.97
TX100676,CUST1154,Desk Chair,Furniture,149.99,2,2026-03-23 00:34:18,299.98
TX100677,CUST1190,Desk Chair,Furniture,127.49,1,2026-03-08 10:34:18,127.49
TX100678,CUST1100,Pen Set,Stationery,4.24,1,2026-03-24 10:32:18,4.24
TX100679,CUST1167,Running Shoes,Apparel,79.99,3,2026-03-11 07:34:18,239.97
TX100680,CUST1002,Coffee Maker,Appliances,49.99,2,2026-03-09 05:08:18,99.98
TX100681,CUST1159,Backpack,Accessories,35.99,1,2026-03-06 05:55:18,35.99
TX100682,CUST1041,Desk Chair,Furniture,127.49,3,2026-03-25 08:44:18,382.47
TX100683,CUST1061,Toaster,Appliances,25.49,2,2026-04-25 07:18:18,50.98
TX100684,CUST1040,Running Shoes,Apparel,67.99,2,2026-04-27 13:11:18,135.98
TX100685,CUST1094,Pen Set,Stationery,4.24,2,2026-05-02 15:09:18,8.48
TX100686,CUST1148,Smartphone,Electronics,594.99,2,2026-04-24 10:54:18,1189.98
TX100687,CUST1104,Laptop,Electronics,899.99,2,2026-05-17 15:37:18,1799.98
TX100688,CUST1089,Smartphone,Electronics,594.99,3,2026-04-21 05:31:18,1784.97
TX100689,CUST1142,Running Shoes,Apparel,79.99,1,2026-04-08 00:33:18,79.99
TX100690,CUST1019,Notebook,Stationery,2.69,2,2026-05-13 11:28:18,5.38
TX100691,CUST1142,Pen Set,Stationery,4.24,1,2026-05-12 09:44:18,4.24
TX100692,CUST1038,Coffee Maker,Appliances,44.99,2,2026-03-27 02:27:18,89.98
TX100693,CUST1160,Backpack,Accessories,33.99,2,2026-04-20 03:49:18,67.98
TX100694,CUST1069,Laptop,Electronics,899.99,1,2026-02-24 07:25:18,899.99
TX100695,CUST1055,Backpack,Accessories,35.99,1,2026-05-08 08:39:18,35.99
TX100696,CUST1161,Smartphone,Electronics,629.99,1,2026-05-20 21:16:18,629.99
TX100697,CUST1108,Laptop,Electronics,849.99,3,2026-03-11 01:11:18,2549.97
TX100698,CUST1171,Coffee Maker,Appliances,42.49,3,2026-03-11 01:56:18,127.47
TX100699,CUST1070,Headphones,Electronics,80.99,3,2026-04-13 15:04:18,242.97
TX100700,CUST1059,Headphones,Electronics,76.49,2,2026-03-03 18:01:18,152.98
TX100701,CUST1100,Headphones,Electronics,76.49,1,2026-04-17 20:19:18,76.49
TX100702,CUST1170,Desk Chair,Furniture,149.99,1,2026-03-31 05:45:18,149.99
TX100703,CUST1154,Headphones,Electronics,80.99,2,2026-03-04 08:53:18,161.98
TX100704,CUST1089,Laptop,Electronics,999.99,2,2026-04-04 11:09:18,1999.98
TX100705,CUST1162,Coffee Maker,Appliances,42.49,3,2026-03-26 18:34:18,127.47
TX100706,CUST1045,Notebook,Stationery,2.54,2,2026-03-18 07:33:18,5.08
TX100707,CUST1041,Headphones,Electronics,80.99,3,2026-03-31 12:29:18,242.97
TX100708,CUST1162,Desk Chair,Furniture,127.49,1,2026-04-14 18:24:18,127.49
TX100709,CUST1179,Laptop,Electronics,999.99,1,2026-03-01 00:33:18,999.99
TX100710,CUST1154,Notebook,Stationery,2.54,3,2026-04-13 16:09:18,7.62
TX100711,CUST1181,Smartphone,Electronics,629.99,3,2026-03-04 15:13:18,1889.97
TX100712,CUST1039,Smartphone,Electronics,629.99,3,2026-05-17 22:33:18,1889.97
TX100713,CUST1080,Pen Set,Stationery,4.24,2,2026-02-23 10:37:18,8.48
TX100714,CUST1052,Coffee Maker,Appliances,44.99,1,2026-04-10 17:46:18,44.99
TX100715,CUST1096,Headphones,Electronics,89.99,2,2026-02-23 00:52:18,179.98
TX100716,CUST1147,Headphones,Electronics,89.99,2,2026-05-10 21:45:18,179.98
TX100717,CUST1101,Pen Set,Stationery,4.49,3,2026-03-11 20:41:18,13.47
TX100718,CUST1004,Laptop,Electronics,999.99,2,2026-05-09 07:11:18,1999.98
TX100719,CUST1060,Smartphone,Electronics,594.99,1,2026-03-24 23:58:18,594.99
TX100720,CUST1158,Notebook,Stationery,2.99,2,2026-04-19 05:17:18,5.98
TX100721,CUST1005,Backpack,Accessories,39.99,1,2026-04-22 10:38:18,39.99
TX100722,CUST1020,Notebook,Stationery,2.54,2,2026-05-15 21:44:18,5.08
TX100723,CUST1073,Backpack,Accessories,35.99,3,2026-03-07 00:08:18,107.97
TX100724,CUST1170,Laptop,Electronics,899.99,1,2026-05-09 05:20:18,899.99
TX100725,CUST1156,Smartphone,Electronics,594.99,2,2026-03-16 19:19:18,1189.98
TX100726,CUST1199,Pen Set,Stationery,4.24,3,2026-03-03 17:55:18,12.72
TX100727,CUST1107,Laptop,Electronics,999.99,1,2026-04-17 02:27:18,999.99
TX100728,CUST1074,Laptop,Electronics,999.99,3,2026-04-09 19:07:18,2999.97
TX100729,CUST1112,Toaster,Appliances,26.99,2,2026-05-08 23:46:18,53.98
TX100730,CUST1054,Coffee Maker,Appliances,42.49,3,2026-04-24 02:26:18,127.47
TX100731,CUST1002,Coffee Maker,Appliances,49.99,1,2026-04-25 13:34:18,49.99
TX100732,CUST1150,Running Shoes,Apparel,71.99,3,2026-03-22 10:07:18,215.97
TX100733,CUST1156,Backpack,Accessories,35.99,2,2026-03-03 04:27:18,71.98
TX100734,CUST1054,Desk Chair,Furniture,149.99,1,2026-05-12 20:38:18,149.99
TX100735,CUST1093,Running Shoes,Apparel,71.99,1,2026-04-29 19:56:18,71.99
TX100736,CUST1075,Headphones,Electronics,76.49,1,2026-04-09 15:33:18,76.49
TX100737,CUST1045,Running Shoes,Apparel,67.99,1,2026-04-25 18:53:18,67.99
TX100738,CUST1087,Coffee Maker,Appliances,42.49,2,2026-05-12 14:14:18,84.98
TX100739,CUST1151,Desk Chair,Furniture,134.99,1,2026-03-05 11:15:18,134.99
TX100740,CUST1200,Coffee Maker,Appliances,49.99,3,2026-03-12 07:25:18,149.97
TX100741,CUST1154,Pen Set,Stationery,4.24,1,2026-04-15 17:29:18,4.24
TX100742,CUST1083,Running Shoes,Apparel,79.99,1,2026-05-11 17:28:18,79.99
TX100743,CUST1188,Smartphone,Electronics,629.99,3,2026-03-06 06:22:18,1889.97
TX100744,CUST1132,Desk Chair,Furniture,127.49,3,2026-03-31 09:44:18,382.47
TX100745,CUST1149,Coffee Maker,Appliances,44.99,3,2026-02-26 04:07:18,134.97
TX100746,CUST1113,Pen Set,Stationery,4.24,1,2026-03-09 22:51:18,4.24
TX100747,CUST1024,Headphones,Electronics,89.99,1,2026-05-15 22:52:18,89.99
TX100748,CUST1129,Toaster,Appliances,29.99,1,2026-03-23 05:28:18,29.99
TX100749,CUST1193,Laptop,Electronics,999.99,1,2026-04-06 08:15:18,999.99
TX100750,CUST1002,Toaster,Appliances,26.99,1,2026-04-07 02:53:18,26.99
TX100751,CUST1112,Laptop,Electronics,999.99,3,2026-05-03 03:26:18,2999.97
TX100752,CUST1124,Running Shoes,Apparel,67.99,3,2026-04-19 19:39:18,203.97
TX100753,CUST1196,Toaster,Appliances,26.99,2,2026-03-17 15:31:18,53.98
TX100754,CUST1002,Running Shoes,Apparel,67.99,3,2026-04-20 15:39:18,203.97
TX100755,CUST1105,Desk Chair,Furniture,134.99,1,2026-03-06 20:35:18,134.99
TX100756,CUST1197,Notebook,Stationery,2.99,3,2026-04-13 18:00:18,8.97
TX100757,CUST1019,Headphones,Electronics,76.49,2,2026-04-06 09:25:18,152.98
TX100758,CUST1176,Coffee Maker,Appliances,44.99,1,2026-03-11 17:21:18,44.99
TX100759,CUST1081,Laptop,Electronics,849.99,3,2026-03-06 07:11:18,2549.97
TX100760,CUST1132,Laptop,Electronics,999.99,2,2026-03-08 10:35:18,1999.98
TX100761,CUST1122,Coffee Maker,Appliances,42.49,3,2026-04-29 10:09:18,127.47
TX100762,CUST1137,Running Shoes,Apparel,79.99,1,2026-03-03 13:04:18,79.99
TX100763,CUST1132,Backpack,Accessories,33.99,1,2026-02-25 15:34:18,33.99
TX100764,CUST1194,Smartphone,Electronics,699.99,1,2026-04-14 01:45:18,699.99
TX100765,CUST1176,Coffee Maker,Appliances,49.99,2,2026-03-01 16:10:18,99.98
TX100766,CUST1054,Headphones,Electronics,76.49,2,2026-03-27 13:34:18,152.98
TX100767,CUST1015,Toaster,Appliances,25.49,1,2026-05-16 16:56:18,25.49
TX100768,CUST1134,Pen Set,Stationery,4.99,3,2026-04-05 12:03:18,14.97
TX100769,CUST1186,Pen Set,Stationery,4.49,1,2026-03-16 19:50:18,4.49
TX100770,CUST1106,Desk Chair,Furniture,127.49,2,2026-02-28 15:21:18,254.98
TX100771,CUST1182,Coffee Maker,Appliances,42.49,1,2026-03-09 02:27:18,42.49
TX100772,CUST1147,Headphones,Electronics,76.49,2,2026-03-09 23:46:18,152.98
TX100773,CUST1169,Coffee Maker,Appliances,44.99,3,2026-05-16 09:47:18,134.97
TX100774,CUST1031,Headphones,Electronics,76.49,1,2026-03-02 13:26:18,76.49
TX100775,CUST1152,Headphones,Electronics,76.49,2,2026-03-20 07:44:18,152.98
TX100776,CUST1132,Backpack,Accessories,39.99,1,2026-05-12 05:32:18,39.99
TX100777,CUST1098,Pen Set,Stationery,4.24,3,2026-02-20 11:57:18,12.72
TX100778,CUST1081,Backpack,Accessories,33.99,1,2026-03-25 10:03:18,33.99
TX100779,CUST1129,Backpack,Accessories,33.99,1,2026-04-14 13:29:18,33.99
TX100780,CUST1047,Laptop,Electronics,999.99,1,2026-04-13 14:37:18,999.99
TX100781,CUST1137,Desk Chair,Furniture,134.99,3,2026-04-28 09:21:18,404.97
TX100782,CUST1063,Notebook,Stationery,2.69,3,2026-04-11 13:07:18,8.07
TX100783,CUST1096,Running Shoes,Apparel,67.99,2,2026-04-28 06:24:18,135.98
TX100784,CUST1138,Smartphone,Electronics,629.99,3,2026-03-24 11:38:18,1889.97
TX100785,CUST1147,Desk Chair,Furniture,134.99,1,2026-04-30 23:28:18,134.99
TX100786,CUST1051,Headphones,Electronics,89.99,2,2026-05-21 03:13:18,179.98
TX100787,CUST1112,Desk Chair,Furniture,134.99,2,2026-05-16 20:53:18,269.98
TX100788,CUST1182,Laptop,Electronics,999.99,1,2026-04-30 00:51:18,999.99
TX100789,CUST1061,Toaster,Appliances,29.99,2,2026-05-14 04:16:18,59.98
TX100790,CUST1081,Headphones,Electronics,89.99,1,2026-03-11 08:21:18,89.99
TX100791,CUST1109,Smartphone,Electronics,594.99,3,2026-03-01 22:57:18,1784.97
TX100792,CUST1166,Backpack,Accessories,39.99,3,2026-03-02 03:47:18,119.97
TX100793,CUST1081,Headphones,Electronics,76.49,3,2026-05-11 18:01:18,229.47
TX100794,CUST1074,Desk Chair,Furniture,149.99,3,2026-04-08 20:26:18,449.97
TX100795,CUST1012,Desk Chair,Furniture,149.99,1,2026-03-08 08:16:18,149.99
TX100796,CUST1113,Toaster,Appliances,29.99,3,2026-03-31 15:16:18,89.97
TX100797,CUST1038,Pen Set,Stationery,4.99,3,2026-03-20 03:56:18,14.97
TX100798,CUST1073,Laptop,Electronics,849.99,2,2026-03-14 15:34:18,1699.98
TX100799,CUST1052,Headphones,Electronics,80.99,2,2026-04-23 17:39:18,161.98
TX100800,CUST1154,Smartphone,Electronics,699.99,3,2026-05-06 03:32:18,2099.97
TX100801,CUST1035,Running Shoes,Apparel,71.99,1,2026-03-24 20:00:18,71.99
TX100802,CUST1015,Pen Set,Stationery,4.24,1,2026-04-11 07:33:18,4.24
TX100803,CUST1168,Headphones,Electronics,89.99,3,2026-03-06 08:32:18,269.97
TX100804,CUST1063,Headphones,Electronics,76.49,2,2026-04-17 01:55:18,152.98
TX100805,CUST1192,Smartphone,Electronics,699.99,3,2026-03-01 14:14:18,2099.97
TX100806,CUST1103,Desk Chair,Furniture,134.99,3,2026-05-15 23:35:18,404.97
TX100807,CUST1031,Coffee Maker,Appliances,42.49,2,2026-03-05 19:50:18,84.98
TX100808,CUST1105,Backpack,Accessories,35.99,1,2026-05-05 08:50:18,35.99
TX100809,CUST1103,Headphones,Electronics,80.99,3,2026-05-09 19:21:18,242.97
TX100810,CUST1194,Desk Chair,Furniture,127.49,2,2026-03-15 19:49:18,254.98
TX100811,CUST1086,Toaster,Appliances,29.99,3,2026-05-19 00:04:18,89.97
TX100812,CUST1084,Coffee Maker,Appliances,44.99,2,2026-03-30 15:18:18,89.98
TX100813,CUST1117,Pen Set,Stationery,4.49,3,2026-03-12 22:46:18,13.47
TX100814,CUST1076,Backpack,Accessories,33.99,2,2026-04-22 16:35:18,67.98
TX100815,CUST1073,Running Shoes,Apparel,71.99,3,2026-04-05 01:31:18,215.97
TX100816,CUST1145,Pen Set,Stationery,4.49,3,2026-04-04 01:10:18,13.47
TX100817,CUST1108,Running Shoes,Apparel,67.99,2,2026-03-04 20:15:18,135.98
TX100818,CUST1052,Headphones,Electronics,89.99,2,2026-02-23 11:37:18,179.98
TX100819,CUST1190,Coffee Maker,Appliances,49.99,2,2026-05-15 00:33:18,99.98
TX100820,CUST1126,Smartphone,Electronics,699.99,1,2026-03-12 10:43:18,699.99
TX100821,CUST1052,Pen Set,Stationery,4.24,2,2026-04-27 04:28:18,8.48
TX100822,CUST1199,Toaster,Appliances,29.99,3,2026-04-09 15:40:18,89.97
TX100823,CUST1034,Desk Chair,Furniture,134.99,1,2026-05-02 10:25:18,134.99
TX100824,CUST1008,Laptop,Electronics,999.99,3,2026-02-19 19:24:18,2999.97
TX100825,CUST1166,Toaster,Appliances,26.99,3,2026-05-06 15:21:18,80.97
TX100826,CUST1026,Desk Chair,Furniture,149.99,3,2026-05-18 11:24:18,449.97
TX100827,CUST1171,Desk Chair,Furniture,127.49,3,2026-04-10 08:39:18,382.47
TX100828,CUST1027,Pen Set,Stationery,4.99,2,2026-02-23 19:54:18,9.98
TX100829,CUST1144,Laptop,Electronics,899.99,2,2026-03-30 20:59:18,1799.98
TX100830,CUST1196,Backpack,Accessories,39.99,2,2026-03-02 14:08:18,79.98
TX100831,CUST1127,Notebook,Stationery,2.99,2,2026-03-16 21:05:18,5.98
TX100832,CUST1113,Backpack,Accessories,35.99,3,2026-02-20 19:13:18,107.97
TX100833,CUST1059,Running Shoes,Apparel,67.99,1,2026-05-15 03:57:18,67.99
TX100834,CUST1113,Pen Set,Stationery,4.49,3,2026-04-06 14:04:18,13.47
TX100835,CUST1073,Running Shoes,Apparel,67.99,1,2026-03-03 10:38:18,67.99
TX100836,CUST1143,Pen Set,Stationery,4.24,2,2026-04-26 09:13:18,8.48
TX100837,CUST1033,Smartphone,Electronics,629.99,3,2026-04-19 17:45:18,1889.97
TX100838,CUST1065,Desk Chair,Furniture,134.99,2,2026-04-23 09:03:18,269.98
TX100839,CUST1081,Smartphone,Electronics,594.99,2,2026-04-07 17:13:18,1189.98
TX100840,CUST1157,Notebook,Stationery,2.69,1,2026-05-04 02:49:18,2.69
TX100841,CUST1152,Backpack,Accessories,33.99,1,2026-03-14 13:03:18,33.99
TX100842,CUST1074,Desk Chair,Furniture,127.49,2,2026-04-19 08:53:18,254.98
TX100843,CUST1178,Desk Chair,Furniture,134.99,3,2026-04-20 17:14:18,404.97
TX100844,CUST1017,Laptop,Electronics,849.99,1,2026-04-21 07:46:18,849.99
TX100845,CUST1167,Notebook,Stationery,2.69,3,2026-04-27 21:24:18,8.07
TX100846,CUST1095,Notebook,Stationery,2.99,2,2026-03-26 14:45:18,5.98
TX100847,CUST1061,Coffee Maker,Appliances,42.49,3,2026-03-19 11:37:18,127.47
TX100848,CUST1125,Smartphone,Electronics,699.99,2,2026-04-21 01:26:18,1399.98
TX100849,CUST1053,Pen Set,Stationery,4.24,3,2026-04-13 10:52:18,12.72
TX100850,CUST1054,Desk Chair,Furniture,127.49,1,2026-03-01 03:22:18,127.49
TX100851,CUST1014,Coffee Maker,Appliances,49.99,3,2026-04-05 14:11:18,149.97
TX100852,CUST1096,Notebook,Stationery,2.69,3,2026-04-06 06:29:18,8.07
TX100853,CUST1112,Headphones,Electronics,89.99,3,2026-03-28 15:20:18,269.97
TX100854,CUST1067,Headphones,Electronics,80.99,1,2026-04-25 17:00:18,80.99
TX100855,CUST1148,Headphones,Electronics,89.99,1,2026-04-04 00:16:18,89.99
TX100856,CUST1074,Smartphone,Electronics,629.99,1,2026-03-02 16:13:18,629.99
TX100857,CUST1189,Laptop,Electronics,999.99,2,2026-05-16 01:35:18,1999.98
TX100858,CUST1096,Backpack,Accessories,35.99,1,2026-04-18 13:49:18,35.99
TX100859,CUST1163,Smartphone,Electronics,594.99,3,2026-04-02 05:27:18,1784.97
TX100860,CUST1155,Laptop,Electronics,849.99,1,2026-03-17 06:39:18,849.99
TX100861,CUST1196,Pen Set,Stationery,4.24,3,2026-04-20 10:57:18,12.72
TX100862,CUST1082,Running Shoes,Apparel,71.99,2,2026-03-08 14:36:18,143.98
TX100863,CUST1009,Desk Chair,Furniture,127.49,2,2026-03-16 16:17:18,254.98
TX100864,CUST1092,Notebook,Stationery,2.99,2,2026-05-13 07:31:18,5.98
TX100865,CUST1027,Headphones,Electronics,76.49,1,2026-05-16 06:19:18,76.49
TX100866,CUST1018,Backpack,Accessories,39.99,1,2026-04-24 15:51:18,39.99
TX100867,CUST1195,Running Shoes,Apparel,79.99,3,2026-03-20 08:16:18,239.97
TX100868,CUST1014,Toaster,Appliances,26.99,3,2026-05-03 15:08:18,80.97
TX100869,CUST1106,Notebook,Stationery,2.69,2,2026-02-27 16:21:18,5.38
TX100870,CUST1152,Smartphone,Electronics,594.99,3,2026-04-15 12:39:18,1784.97
TX100871,CUST1193,Notebook,Stationery,2.99,3,2026-03-19 10:25:18,8.97
TX100872,CUST1121,Coffee Maker,Appliances,44.99,2,2026-05-10 18:35:18,89.98
TX100873,CUST1119,Running Shoes,Apparel,79.99,1,2026-05-03 02:14:18,79.99
TX100874,CUST1184,Notebook,Stationery,2.99,3,2026-03-30 09:38:18,8.97
TX100875,CUST1131,Smartphone,Electronics,629.99,1,2026-03-25 14:32:18,629.99
TX100876,CUST1106,Smartphone,Electronics,594.99,2,2026-03-23 16:21:18,1189.98
TX100877,CUST1046,Headphones,Electronics,76.49,1,2026-05-17 19:08:18,76.49
TX100878,CUST1108,Smartphone,Electronics,629.99,2,2026-03-29 09:24:18,1259.98
TX100879,CUST1089,Backpack,Accessories,35.99,2,2026-05-20 22:07:18,71.98
TX100880,CUST1026,Laptop,Electronics,849.99,1,2026-03-29 00:17:18,849.99
TX100881,CUST1187,Smartphone,Electronics,594.99,1,2026-05-08 17:38:18,594.99
TX100882,CUST1113,Desk Chair,Furniture,149.99,1,2026-05-14 07:20:18,149.99
TX100883,CUST1141,Laptop,Electronics,999.99,2,2026-02-22 22:16:18,1999.98
TX100884,CUST1138,Headphones,Electronics,80.99,2,2026-04-18 10:29:18,161.98
TX100885,CUST1120,Coffee Maker,Appliances,49.99,1,2026-04-17 15:57:18,49.99
TX100886,CUST1069,Notebook,Stationery,2.99,2,2026-02-21 17:02:18,5.98
TX100887,CUST1104,Headphones,Electronics,80.99,3,2026-04-29 14:56:18,242.97
TX100888,CUST1086,Notebook,Stationery,2.99,2,2026-05-14 10:37:18,5.98
TX100889,CUST1086,Toaster,Appliances,25.49,2,2026-04-02 16:01:18,50.98
TX100890,CUST1013,Pen Set,Stationery,4.49,2,2026-03-29 09:32:18,8.98
TX100891,CUST1037,Coffee Maker,Appliances,42.49,1,2026-03-20 20:08:18,42.49
TX100892,CUST1041,Backpack,Accessories,35.99,2,2026-03-21 10:20:18,71.98
TX100893,CUST1017,Toaster,Appliances,29.99,3,2026-02-26 16:41:18,89.97
TX100894,CUST1141,Backpack,Accessories,35.99,3,2026-05-17 03:04:18,107.97
TX100895,CUST1067,Headphones,Electronics,80.99,3,2026-05-03 11:33:18,242.97
TX100896,CUST1018,Desk Chair,Furniture,149.99,1,2026-04-23 20:24:18,149.99
TX100897,CUST1090,Pen Set,Stationery,4.49,1,2026-03-24 13:14:18,4.49
TX100898,CUST1157,Desk Chair,Furniture,134.99,1,2026-04-30 14:54:18,134.99
TX100899,CUST1020,Desk Chair,Furniture,127.49,2,2026-03-21 08:23:18,254.98
TX100900,CUST1039,Smartphone,Electronics,594.99,1,2026-04-03 15:22:18,594.99
TX100901,CUST1041,Toaster,Appliances,29.99,2,2026-04-23 09:44:18,59.98
TX100902,CUST1104,Laptop,Electronics,999.99,1,2026-04-17 18:43:18,999.99
TX100903,CUST1138,Headphones,Electronics,76.49,3,2026-03-06 14:01:18,229.47
TX100904,CUST1008,Toaster,Appliances,26.99,3,2026-05-02 17:38:18,80.97
TX100905,CUST1033,Coffee Maker,Appliances,44.99,2,2026-04-01 01:10:18,89.98
TX100906,CUST1080,Desk Chair,Furniture,134.99,3,2026-04-07 19:56:18,404.97
TX100907,CUST1148,Headphones,Electronics,89.99,2,2026-03-31 04:56:18,179.98
TX100908,CUST1200,Backpack,Accessories,39.99,1,2026-04-20 07:02:18,39.99
TX100909,CUST1141,Desk Chair,Furniture,149.99,3,2026-04-22 20:23:18,449.97
TX100910,CUST1140,Notebook,Stationery,2.69,3,2026-05-09 09:10:18,8.07
TX100911,CUST1076,Notebook,Stationery,2.69,1,2026-02-23 07:15:18,2.69
TX100912,CUST1028,Smartphone,Electronics,699.99,2,2026-03-08 11:11:18,1399.98
TX100913,CUST1031,Smartphone,Electronics,629.99,2,2026-04-23 14:25:18,1259.98
TX100914,CUST1081,Smartphone,Electronics,629.99,1,2026-03-03 03:41:18,629.99
TX100915,CUST1053,Smartphone,Electronics,594.99,2,2026-04-10 06:00:18,1189.98
TX100916,CUST1110,Notebook,Stationery,2.54,3,2026-04-12 18:21:18,7.62
TX100917,CUST1111,Smartphone,Electronics,699.99,1,2026-04-07 03:45:18,699.99
TX100918,CUST1028,Notebook,Stationery,2.99,2,2026-05-03 18:23:18,5.98
TX100919,CUST1040,Headphones,Electronics,89.99,1,2026-04-12 15:08:18,89.99
TX100920,CUST1043,Notebook,Stationery,2.54,2,2026-02-24 04:26:18,5.08
TX100921,CUST1076,Coffee Maker,Appliances,49.99,1,2026-03-12 20:24:18,49.99
TX100922,CUST1014,Running Shoes,Apparel,67.99,3,2026-03-17 02:36:18,203.97
TX100923,CUST1054,Backpack,Accessories,33.99,1,2026-04-17 16:10:18,33.99
TX100924,CUST1113,Smartphone,Electronics,594.99,3,2026-03-12 17:09:18,1784.97
TX100925,CUST1020,Running Shoes,Apparel,71.99,3,2026-03-25 01:38:18,215.97
TX100926,CUST1169,Smartphone,Electronics,594.99,1,2026-05-18 07:29:18,594.99
TX100927,CUST1091,Running Shoes,Apparel,71.99,3,2026-05-01 06:20:18,215.97
TX100928,CUST1032,Pen Set,Stationery,4.49,3,2026-05-13 01:24:18,13.47
TX100929,CUST1039,Pen Set,Stationery,4.24,1,2026-03-02 15:51:18,4.24
TX100930,CUST1048,Toaster,Appliances,29.99,3,2026-05-18 01:23:18,89.97
TX100931,CUST1149,Running Shoes,Apparel,79.99,2,2026-04-09 20:18:18,159.98
TX100932,CUST1024,Pen Set,Stationery,4.99,2,2026-04-19 02:01:18,9.98
TX100933,CUST1054,Pen Set,Stationery,4.24,2,2026-02-23 00:47:18,8.48
TX100934,CUST1010,Smartphone,Electronics,629.99,3,2026-03-14 12:36:18,1889.97
TX100935,CUST1088,Laptop,Electronics,849.99,2,2026-04-11 14:28:18,1699.98
TX100936,CUST1168,Notebook,Stationery,2.99,1,2026-05-14 16:06:18,2.99
TX100937,CUST1180,Laptop,Electronics,899.99,2,2026-03-07 11:17:18,1799.98
TX100938,CUST1111,Pen Set,Stationery,4.99,3,2026-03-03 09:25:18,14.97
TX100939,CUST1055,Smartphone,Electronics,594.99,3,2026-03-07 07:18:18,1784.97
TX100940,CUST1063,Running Shoes,Apparel,79.99,2,2026-04-10 07:06:18,159.98
TX100941,CUST1195,Backpack,Accessories,39.99,1,2026-03-10 23:21:18,39.99
TX100942,CUST1069,Toaster,Appliances,25.49,1,2026-04-23 16:30:18,25.49
TX100943,CUST1053,Backpack,Accessories,39.99,1,2026-03-22 05:41:18,39.99
TX100944,CUST1049,Running Shoes,Apparel,71.99,2,2026-05-13 14:04:18,143.98
TX100945,CUST1056,Running Shoes,Apparel,67.99,1,2026-05-03 06:09:18,67.99
TX100946,CUST1152,Desk Chair,Furniture,134.99,2,2026-04-05 11:15:18,269.98
TX100947,CUST1110,Laptop,Electronics,999.99,1,2026-05-02 10:52:18,999.99
TX100948,CUST1086,Notebook,Stationery,2.99,3,2026-04-08 13:58:18,8.97
TX100949,CUST1104,Laptop,Electronics,899.99,1,2026-03-20 14:11:18,899.99
TX100950,CUST1148,Smartphone,Electronics,699.99,1,2026-05-14 04:37:18,699.99
TX100951,CUST1022,Running Shoes,Apparel,67.99,3,2026-03-24 07:30:18,203.97
TX100952,CUST1017,Coffee Maker,Appliances,42.49,1,2026-05-08 01:06:18,42.49
TX100953,CUST1150,Desk Chair,Furniture,134.99,2,2026-02-22 07:24:18,269.98
TX100954,CUST1054,Laptop,Electronics,899.99,3,2026-03-07 14:30:18,2699.97
TX100955,CUST1191,Notebook,Stationery,2.99,1,2026-04-20 04:20:18,2.99
TX100956,CUST1003,Notebook,Stationery,2.54,3,2026-04-05 23:28:18,7.62
TX100957,CUST1006,Laptop,Electronics,899.99,1,2026-04-23 17:51:18,899.99
TX100958,CUST1015,Desk Chair,Furniture,149.99,1,2026-04-03 07:29:18,149.99
TX100959,CUST1083,Desk Chair,Furniture,134.99,3,2026-04-06 14:35:18,404.97
TX100960,CUST1187,Notebook,Stationery,2.69,2,2026-04-07 06:32:18,5.38
TX100961,CUST1055,Toaster,Appliances,26.99,1,2026-04-21 00:11:18,26.99
TX100962,CUST1058,Notebook,Stationery,2.54,2,2026-04-15 20:17:18,5.08
TX100963,CUST1055,Running Shoes,Apparel,71.99,1,2026-03-14 17:56:18,71.99
TX100964,CUST1139,Smartphone,Electronics,699.99,3,2026-02-22 11:53:18,2099.97
TX100965,CUST1078,Notebook,Stationery,2.99,2,2026-03-05 23:55:18,5.98
TX100966,CUST1081,Pen Set,Stationery,4.49,3,2026-03-27 16:38:18,13.47
TX100967,CUST1148,Running Shoes,Apparel,71.99,3,2026-03-04 04:36:18,215.97
TX100968,CUST1086,Headphones,Electronics,76.49,1,2026-03-21 05:03:18,76.49
TX100969,CUST1051,Smartphone,Electronics,594.99,3,2026-03-01 15:03:18,1784.97
TX100970,CUST1101,Notebook,Stationery,2.99,2,2026-04-26 04:53:18,5.98
TX100971,CUST1181,Backpack,Accessories,39.99,3,2026-02-21 00:37:18,119.97
TX100972,CUST1179,Notebook,Stationery,2.69,3,2026-03-31 01:06:18,8.07
TX100973,CUST1044,Desk Chair,Furniture,134.99,2,2026-05-09 16:08:18,269.98
TX100974,CUST1125,Smartphone,Electronics,699.99,2,2026-05-20 13:00:18,1399.98
TX100975,CUST1172,Backpack,Accessories,33.99,1,2026-04-13 15:37:18,33.99
TX100976,CUST1156,Pen Set,Stationery,4.49,3,2026-03-18 23:57:18,13.47
TX100977,CUST1177,Coffee Maker,Appliances,42.49,3,2026-04-06 02:29:18,127.47
TX100978,CUST1071,Desk Chair,Furniture,127.49,3,2026-05-04 22:57:18,382.47
TX100979,CUST1020,Desk Chair,Furniture,127.49,2,2026-02-23 09:13:18,254.98
TX100980,CUST1135,Backpack,Accessories,35.99,1,2026-04-03 00:35:18,35.99
TX100981,CUST1129,Running Shoes,Apparel,67.99,3,2026-03-05 20:33:18,203.97
TX100982,CUST1150,Desk Chair,Furniture,149.99,2,2026-04-08 12:15:18,299.98
TX100983,CUST1153,Smartphone,Electronics,699.99,1,2026-03-06 03:24:18,699.99
TX100984,CUST1080,Desk Chair,Furniture,149.99,1,2026-03-31 19:19:18,149.99
TX100985,CUST1113,Running Shoes,Apparel,71.99,1,2026-04-15 19:44:18,71.99
TX100986,CUST1025,Laptop,Electronics,999.99,3,2026-04-06 15:05:18,2999.97
TX100987,CUST1194,Headphones,Electronics,80.99,2,2026-04-17 15:37:18,161.98
TX100988,CUST1027,Desk Chair,Furniture,149.99,1,2026-03-09 09:50:18,149.99
TX100989,CUST1034,Pen Set,Stationery,4.49,2,2026-04-20 12:59:18,8.98
TX100990,CUST1013,Headphones,Electronics,89.99,2,2026-03-15 05:16:18,179.98
TX100991,CUST1123,Smartphone,Electronics,629.99,1,2026-03-18 14:15:18,629.99
TX100992,CUST1166,Smartphone,Electronics,699.99,1,2026-04-12 12:05:18,699.99
TX100993,CUST1174,Backpack,Accessories,35.99,3,2026-05-18 13:21:18,107.97
TX100994,CUST1124,Smartphone,Electronics,629.99,1,2026-04-23 05:20:18,629.99
TX100995,CUST1029,Running Shoes,Apparel,79.99,2,2026-05-09 15:17:18,159.98
TX100996,CUST1091,Laptop,Electronics,999.99,3,2026-05-20 21:50:18,2999.97
TX100997,CUST1122,Coffee Maker,Appliances,49.99,3,2026-05-07 09:01:18,149.97
TX100998,CUST1175,Headphones,Electronics,80.99,1,2026-04-19 17:40:18,80.99
TX100999,CUST1072,Running Shoes,Apparel,67.99,1,2026-04-26 20:45:18,67.99
TX101000,CUST1043,Toaster,Appliances,26.99,2,2026-04-01 23:57:18,53.98
