transaction_id,customer_id,product_name,category,price,quantity,transaction_date
TX100001,CUST1015,Toaster,Appliances,29.99,1,2026-05-06 18:47:57
TX100002,CUST1039,Coffee Maker,Appliances,44.99,1,2026-05-18 17:30:57
TX100003,CUST1033,Coffee Maker,Appliances,49.99,1,2026-02-24 12:21:57
TX100004,CUST1044,Notebook,Stationery,2.69,3,2026-04-09 14:44:57
TX100005,CUST1091,Smartphone,Electronics,629.99,2,2026-05-03 23:28:57
TX100006,CUST1017,Toaster,Appliances,25.49,2,2026-03-25 13:28:57
TX100007,CUST1039,Smartphone,Electronics,699.99,1,2026-02-23 12:18:57
TX100008,CUST1097,Desk Chair,Furniture,127.49,3,2026-02-24 12:03:57
TX100009,CUST1180,Notebook,Stationery,2.99,2,2026-05-09 14:36:57
TX100010,CUST1189,Smartphone,Electronics,629.99,3,2026-05-09 07:26:57
TX100011,CUST1071,Laptop,Electronics,999.99,3,2026-03-15 18:08:57
TX100012,CUST1166,Headphones,Electronics,80.99,1,2026-03-10 22:50:57
TX100013,CUST1026,Desk Chair,Furniture,149.99,1,2026-03-25 12:19:57
TX100014,CUST1146,Pen Set,Stationery,4.99,3,2026-03-24 18:14:57
TX100015,CUST1166,Notebook,Stationery,2.69,3,2026-02-21 10:57:57
TX100016,CUST1033,Pen Set,Stationery,4.49,3,2026-05-10 08:53:57
TX100017,CUST1141,Laptop,Electronics,999.99,3,2026-02-21 15:11:57
TX100018,CUST1114,Notebook,Stationery,2.54,1,2026-03-26 07:39:57
TX100019,CUST1089,Backpack,Accessories,39.99,2,2026-04-16 11:54:57
TX100020,CUST1069,Desk Chair,Furniture,149.99,1,2026-03-07 00:47:57
TX100021,CUST1080,Backpack,Accessories,35.99,2,2026-04-09 11:19:57
TX100022,CUST1090,Pen Set,Stationery,4.99,1,2026-04-20 14:06:57
TX100023,CUST1067,Laptop,Electronics,849.99,1,2026-04-17 12:58:57
TX100024,CUST1060,Headphones,Electronics,76.49,3,2026-03-06 01:54:57
TX100025,CUST1189,Desk Chair,Furniture,127.49,3,2026-03-24 12:37:57
TX100026,CUST1008,Smartphone,Electronics,629.99,1,2026-05-16 06:03:57
TX100027,CUST1051,Pen Set,Stationery,4.24,1,2026-04-13 03:31:57
TX100028,CUST1012,Toaster,Appliances,25.49,2,2026-03-23 09:47:57
TX100029,CUST1105,Backpack,Accessories,33.99,2,2026-04-30 12:58:57
TX100030,CUST1142,Notebook,Stationery,2.99,3,2026-03-23 14:14:57
TX100031,CUST1061,Pen Set,Stationery,4.99,2,2026-04-10 00:54:57
TX100032,CUST1016,Laptop,Electronics,999.99,3,2026-03-04 18:01:57
TX100033,CUST1116,Pen Set,Stationery,4.49,3,2026-05-08 09:08:57
TX100034,CUST1063,Laptop,Electronics,849.99,3,2026-04-30 18:20:57
TX100035,CUST1199,Coffee Maker,Appliances,42.49,1,2026-04-06 03:15:57
TX100036,CUST1093,Running Shoes,Apparel,71.99,3,2026-05-10 00:21:57
TX100037,CUST1018,Coffee Maker,Appliances,42.49,1,2026-04-13 23:00:57
TX100038,CUST1194,Desk Chair,Furniture,127.49,2,2026-03-15 07:43:57
TX100039,CUST1073,Headphones,Electronics,76.49,2,2026-04-17 20:14:57
TX100040,CUST1064,Running Shoes,Apparel,67.99,3,2026-04-30 02:43:57
TX100041,CUST1042,Desk Chair,Furniture,134.99,2,2026-04-13 02:13:57
TX100042,CUST1182,Headphones,Electronics,76.49,1,2026-04-30 10:48:57
TX100043,CUST1060,Backpack,Accessories,39.99,1,2026-04-03 08:17:57
TX100044,CUST1172,Smartphone,Electronics,699.99,3,2026-05-19 05:00:57
TX100045,CUST1164,Desk Chair,Furniture,149.99,2,2026-02-23 09:05:57
TX100046,CUST1068,Running Shoes,Apparel,67.99,1,2026-03-08 01:01:57
TX100047,CUST1133,Pen Set,Stationery,4.24,1,2026-05-10 11:28:57
TX100048,CUST1084,Smartphone,Electronics,594.99,1,2026-05-18 09:12:57
TX100049,CUST1172,Running Shoes,Apparel,79.99,2,2026-04-13 16:06:57
TX100050,CUST1082,Laptop,Electronics,849.99,2,2026-04-27 03:03:57
TX100051,CUST1063,Desk Chair,Furniture,127.49,3,2026-04-13 03:17:57
TX100052,CUST1126,Notebook,Stationery,2.54,3,2026-05-16 23:56:57
TX100053,CUST1045,Desk Chair,Furniture,149.99,2,2026-04-06 21:45:57
TX100054,CUST1181,Notebook,Stationery,2.54,1,2026-03-16 22:36:57
TX100055,CUST1167,Notebook,Stationery,2.69,3,2026-03-11 04:31:57
TX100056,CUST1067,Smartphone,Electronics,699.99,3,2026-02-28 18:32:57
TX100057,CUST1140,Backpack,Accessories,35.99,1,2026-03-26 22:51:57
TX100058,CUST1189,Pen Set,Stationery,4.24,2,2026-02-25 06:34:57
TX100059,CUST1013,Laptop,Electronics,999.99,2,2026-05-15 04:24:57
TX100060,CUST1043,Backpack,Accessories,33.99,1,2026-02-28 00:14:57
TX100061,CUST1100,Coffee Maker,Appliances,44.99,1,2026-05-19 15:21:57
TX100062,CUST1184,Running Shoes,Apparel,67.99,2,2026-05-01 15:37:57
TX100063,CUST1063,Desk Chair,Furniture,134.99,2,2026-03-18 02:19:57
TX100064,CUST1199,Desk Chair,Furniture,127.49,1,2026-04-17 05:52:57
TX100065,CUST1198,Pen Set,Stationery,4.99,3,2026-03-03 22:01:57
TX100066,CUST1114,Running Shoes,Apparel,79.99,2,2026-05-02 13:42:57
TX100067,CUST1185,Toaster,Appliances,26.99,3,2026-05-16 01:04:57
TX100068,CUST1110,Notebook,Stationery,2.54,2,2026-03-21 21:08:57
TX100069,CUST1137,Backpack,Accessories,33.99,3,2026-03-27 08:13:57
TX100070,CUST1107,Laptop,Electronics,999.99,1,2026-03-13 13:16:57
TX100071,CUST1072,Coffee Maker,Appliances,49.99,2,2026-05-05 05:37:57
TX100072,CUST1194,Pen Set,Stationery,4.99,3,2026-04-06 10:46:57
TX100073,CUST1117,Running Shoes,Apparel,67.99,3,2026-03-14 13:01:57
TX100074,CUST1082,Toaster,Appliances,29.99,3,2026-03-09 01:09:57
TX100075,CUST1021,Notebook,Stationery,2.69,1,2026-04-14 02:02:57
TX100076,CUST1100,Running Shoes,Apparel,67.99,3,2026-05-09 07:30:57
TX100077,CUST1037,Headphones,Electronics,89.99,3,2026-04-05 07:39:57
TX100078,CUST1165,Toaster,Appliances,29.99,1,2026-04-11 15:58:57
TX100079,CUST1122,Desk Chair,Furniture,149.99,2,2026-04-16 19:34:57
TX100080,CUST1113,Toaster,Appliances,29.99,3,2026-04-16 05:42:57
TX100081,CUST1015,Backpack,Accessories,39.99,1,2026-02-21 07:47:57
TX100082,CUST1102,Laptop,Electronics,999.99,1,2026-04-14 05:04:57
TX100083,CUST1155,Headphones,Electronics,89.99,3,2026-04-04 23:04:57
TX100084,CUST1184,Coffee Maker,Appliances,49.99,1,2026-03-06 02:09:57
TX100085,CUST1133,Notebook,Stationery,2.99,3,2026-05-15 19:24:57
TX100086,CUST1093,Laptop,Electronics,999.99,1,2026-05-08 03:52:57
TX100087,CUST1014,Desk Chair,Furniture,149.99,1,2026-03-09 04:58:57
TX100088,CUST1172,Backpack,Accessories,39.99,3,2026-02-23 01:05:57
TX100089,CUST1161,Laptop,Electronics,999.99,1,2026-05-11 12:15:57
TX100090,CUST1155,Notebook,Stationery,2.99,3,2026-05-16 21:13:57
TX100091,CUST1049,Pen Set,Stationery,4.49,3,2026-05-12 08:24:57
TX100092,CUST1061,Coffee Maker,Appliances,44.99,1,2026-03-02 21:36:57
TX100093,CUST1044,Running Shoes,Apparel,67.99,2,2026-04-24 00:48:57
TX100094,CUST1109,Smartphone,Electronics,594.99,1,2026-05-21 11:46:57
TX100095,CUST1027,Coffee Maker,Appliances,44.99,2,2026-03-06 03:48:57
TX100096,CUST1179,Desk Chair,Furniture,149.99,2,2026-03-02 08:26:57
TX100097,CUST1039,Headphones,Electronics,80.99,1,2026-04-16 19:18:57
TX100098,CUST1099,Coffee Maker,Appliances,44.99,3,2026-02-27 21:12:57
TX100099,CUST1159,Laptop,Electronics,849.99,2,2026-05-14 12:35:57
TX100100,CUST1069,Laptop,Electronics,849.99,1,2026-03-01 13:15:57
TX100101,CUST1043,Coffee Maker,Appliances,44.99,3,2026-04-13 03:26:57
TX100102,CUST1041,Smartphone,Electronics,594.99,2,2026-05-04 23:19:57
TX100103,CUST1008,Notebook,Stationery,2.54,2,2026-03-08 18:02:57
TX100104,CUST1078,Backpack,Accessories,39.99,2,2026-03-17 09:35:57
TX100105,CUST1195,Laptop,Electronics,999.99,3,2026-04-03 20:32:57
TX100106,CUST1086,Headphones,Electronics,76.49,3,2026-03-14 16:07:57
TX100107,CUST1138,Notebook,Stationery,2.69,1,2026-04-20 03:06:57
TX100108,CUST1183,Desk Chair,Furniture,127.49,3,2026-05-09 07:37:57
TX100109,CUST1034,Pen Set,Stationery,4.99,2,2026-03-17 12:07:57
TX100110,CUST1038,Pen Set,Stationery,4.49,2,2026-03-06 07:35:57
TX100111,CUST1028,Coffee Maker,Appliances,49.99,1,2026-03-06 08:13:57
TX100112,CUST1073,Pen Set,Stationery,4.99,3,2026-05-20 22:27:57
TX100113,CUST1117,Laptop,Electronics,999.99,3,2026-05-08 06:06:57
TX100114,CUST1025,Running Shoes,Apparel,79.99,2,2026-03-28 23:40:57
TX100115,CUST1048,Pen Set,Stationery,4.24,2,2026-03-04 14:16:57
TX100116,CUST1090,Laptop,Electronics,849.99,2,2026-02-21 05:31:57
TX100117,CUST1157,Laptop,Electronics,899.99,2,2026-03-07 07:50:57
TX100118,CUST1111,Backpack,Accessories,35.99,1,2026-04-14 16:41:57
TX100119,CUST1019,Notebook,Stationery,2.69,2,2026-03-05 11:27:57
TX100120,CUST1135,Toaster,Appliances,29.99,1,2026-04-11 23:42:57
TX100121,CUST1033,Pen Set,Stationery,4.24,2,2026-04-09 11:42:57
TX100122,CUST1186,Headphones,Electronics,76.49,3,2026-03-24 18:47:57
TX100123,CUST1134,Desk Chair,Furniture,134.99,2,2026-05-06 07:12:57
TX100124,CUST1012,Backpack,Accessories,39.99,2,2026-03-04 21:27:57
TX100125,CUST1052,Backpack,Accessories,33.99,2,2026-05-06 23:10:57
TX100126,CUST1105,Desk Chair,Furniture,134.99,3,2026-05-19 17:58:57
TX100127,CUST1110,Notebook,Stationery,2.54,1,2026-05-20 10:35:57
TX100128,CUST1140,Laptop,Electronics,999.99,1,2026-04-18 15:27:57
TX100129,CUST1163,Desk Chair,Furniture,127.49,1,2026-04-30 19:11:57
TX100130,CUST1030,Laptop,Electronics,999.99,1,2026-05-09 17:29:57
TX100131,CUST1029,Notebook,Stationery,2.99,1,2026-03-11 11:18:57
TX100132,CUST1100,Coffee Maker,Appliances,44.99,2,2026-04-10 05:46:57
TX100133,CUST1187,Smartphone,Electronics,699.99,1,2026-05-14 00:32:57
TX100134,CUST1148,Notebook,Stationery,2.99,3,2026-04-14 02:59:57
TX100135,CUST1044,Backpack,Accessories,39.99,3,2026-05-18 17:37:57
TX100136,CUST1190,Laptop,Electronics,999.99,1,2026-03-13 18:53:57
TX100137,CUST1176,Pen Set,Stationery,4.99,2,2026-03-15 10:06:57
TX100138,CUST1124,Smartphone,Electronics,629.99,1,2026-04-14 07:32:57
TX100139,CUST1050,Coffee Maker,Appliances,42.49,3,2026-05-17 06:22:57
TX100140,CUST1069,Notebook,Stationery,2.54,3,2026-04-30 11:59:57
TX100141,CUST1155,Desk Chair,Furniture,127.49,3,2026-05-11 04:02:57
TX100142,CUST1170,Desk Chair,Furniture,127.49,2,2026-04-08 18:59:57
TX100143,CUST1017,Notebook,Stationery,2.54,3,2026-04-17 23:19:57
TX100144,CUST1106,Laptop,Electronics,849.99,2,2026-03-11 08:37:57
TX100145,CUST1134,Desk Chair,Furniture,127.49,3,2026-04-02 00:55:57
TX100146,CUST1032,Pen Set,Stationery,4.49,3,2026-03-09 11:55:57
TX100147,CUST1023,Smartphone,Electronics,699.99,1,2026-04-20 07:26:57
TX100148,CUST1011,Notebook,Stationery,2.69,2,2026-05-04 10:54:57
TX100149,CUST1187,Laptop,Electronics,899.99,3,2026-03-27 10:14:57
TX100150,CUST1172,Pen Set,Stationery,4.24,3,2026-03-31 00:11:57
TX100151,CUST1077,Laptop,Electronics,999.99,3,2026-04-11 08:30:57
TX100152,CUST1064,Desk Chair,Furniture,127.49,2,2026-03-19 21:18:57
TX100153,CUST1121,Pen Set,Stationery,4.49,1,2026-04-22 17:44:57
TX100154,CUST1191,Desk Chair,Furniture,127.49,2,2026-03-01 11:39:57
TX100155,CUST1106,Desk Chair,Furniture,134.99,3,2026-05-06 19:13:57
TX100156,CUST1124,Running Shoes,Apparel,71.99,1,2026-05-12 20:15:57
TX100157,CUST1034,Laptop,Electronics,849.99,2,2026-03-16 12:19:57
TX100158,CUST1030,Coffee Maker,Appliances,49.99,3,2026-03-28 14:55:57
TX100159,CUST1112,Notebook,Stationery,2.54,3,2026-03-18 12:16:57
TX100160,CUST1150,Running Shoes,Apparel,71.99,1,2026-04-14 04:52:57
TX100161,CUST1118,Running Shoes,Apparel,67.99,2,2026-02-24 08:33:57
TX100162,CUST1117,Backpack,Accessories,35.99,2,2026-03-24 04:33:57
TX100163,CUST1110,Headphones,Electronics,76.49,2,2026-05-08 21:43:57
TX100164,CUST1100,Running Shoes,Apparel,79.99,2,2026-04-11 04:21:57
TX100165,CUST1081,Laptop,Electronics,849.99,3,2026-05-14 10:04:57
TX100166,CUST1147,Pen Set,Stationery,4.99,2,2026-05-05 11:17:57
TX100167,CUST1104,Laptop,Electronics,999.99,3,2026-04-30 14:26:57
TX100168,CUST1063,Smartphone,Electronics,629.99,2,2026-02-27 20:24:57
TX100169,CUST1010,Smartphone,Electronics,594.99,2,2026-05-04 22:38:57
TX100170,CUST1110,Running Shoes,Apparel,79.99,2,2026-02-23 03:38:57
TX100171,CUST1125,Running Shoes,Apparel,67.99,3,2026-04-23 04:11:57
TX100172,CUST1115,Pen Set,Stationery,4.49,3,2026-04-18 21:21:57
TX100173,CUST1038,Pen Set,Stationery,4.99,2,2026-05-05 22:35:57
TX100174,CUST1127,Pen Set,Stationery,4.24,3,2026-03-07 08:39:57
TX100175,CUST1199,Backpack,Accessories,33.99,3,2026-04-20 13:16:57
TX100176,CUST1015,Notebook,Stationery,2.54,1,2026-02-26 16:03:57
TX100177,CUST1185,Backpack,Accessories,39.99,2,2026-05-18 18:03:57
TX100178,CUST1128,Laptop,Electronics,899.99,3,2026-03-17 10:56:57
TX100179,CUST1104,Toaster,Appliances,25.49,2,2026-02-26 15:50:57
TX100180,CUST1127,Notebook,Stationery,2.69,3,2026-03-01 21:23:57
TX100181,CUST1020,Backpack,Accessories,33.99,1,2026-03-16 05:04:57
TX100182,CUST1161,Notebook,Stationery,2.54,3,2026-04-14 04:34:57
TX100183,CUST1033,Coffee Maker,Appliances,44.99,1,2026-02-22 19:15:57
TX100184,CUST1092,Pen Set,Stationery,4.49,3,2026-04-22 14:10:57
TX100185,CUST1030,Notebook,Stationery,2.54,1,2026-05-02 21:57:57
TX100186,CUST1113,Backpack,Accessories,33.99,1,2026-03-07 06:01:57
TX100187,CUST1155,Desk Chair,Furniture,127.49,3,2026-05-19 13:31:57
TX100188,CUST1127,Backpack,Accessories,39.99,2,2026-03-23 00:16:57
TX100189,CUST1188,Notebook,Stationery,2.54,3,2026-03-30 12:30:57
TX100190,CUST1052,Smartphone,Electronics,629.99,1,2026-03-21 23:39:57
TX100191,CUST1034,Headphones,Electronics,76.49,1,2026-03-03 19:11:57
TX100192,CUST1080,Running Shoes,Apparel,71.99,1,2026-03-15 05:21:57
TX100193,CUST1160,Headphones,Electronics,80.99,3,2026-05-18 15:22:57
TX100194,CUST1078,Notebook,Stationery,2.54,3,2026-03-02 05:33:57
TX100195,CUST1122,Coffee Maker,Appliances,49.99,1,2026-04-17 03:13:57
TX100196,CUST1013,Notebook,Stationery,2.54,2,2026-03-11 02:54:57
TX100197,CUST1132,Backpack,Accessories,33.99,3,2026-04-21 17:00:57
TX100198,CUST1046,Coffee Maker,Appliances,42.49,1,2026-04-24 03:25:57
TX100199,CUST1014,Desk Chair,Furniture,127.49,2,2026-03-26 11:27:57
TX100200,CUST1059,Desk Chair,Furniture,134.99,2,2026-02-25 00:56:57
TX100201,CUST1093,Backpack,Accessories,35.99,3,2026-04-30 23:06:57
TX100202,CUST1009,Coffee Maker,Appliances,44.99,2,2026-04-09 07:57:57
TX100203,CUST1123,Toaster,Appliances,26.99,2,2026-03-19 02:36:57
TX100204,CUST1005,Desk Chair,Furniture,134.99,3,2026-03-17 04:17:57
TX100205,CUST1064,Running Shoes,Apparel,71.99,1,2026-03-04 04:37:57
TX100206,CUST1011,Toaster,Appliances,26.99,3,2026-04-18 14:25:57
TX100207,CUST1093,Laptop,Electronics,849.99,3,2026-03-24 07:20:57
TX100208,CUST1184,Toaster,Appliances,26.99,3,2026-03-06 02:15:57
TX100209,CUST1058,Smartphone,Electronics,594.99,1,2026-04-09 02:15:57
TX100210,CUST1103,Notebook,Stationery,2.54,2,2026-04-26 00:17:57
TX100211,CUST1063,Backpack,Accessories,35.99,2,2026-05-11 03:05:57
TX100212,CUST1127,Coffee Maker,Appliances,42.49,1,2026-03-28 22:55:57
TX100213,CUST1097,Smartphone,Electronics,699.99,2,2026-04-23 22:27:57
TX100214,CUST1022,Headphones,Electronics,89.99,1,2026-03-03 23:54:57
TX100215,CUST1063,Toaster,Appliances,29.99,2,2026-04-27 21:38:57
TX100216,CUST1187,Running Shoes,Apparel,79.99,2,2026-03-09 19:39:57
TX100217,CUST1171,Headphones,Electronics,76.49,2,2026-05-13 08:15:57
TX100218,CUST1018,Pen Set,Stationery,4.24,3,2026-03-16 04:40:57
TX100219,CUST1110,Running Shoes,Apparel,71.99,3,2026-04-12 18:18:57
TX100220,CUST1035,Toaster,Appliances,29.99,3,2026-04-18 15:59:57
TX100221,CUST1050,Smartphone,Electronics,699.99,3,2026-04-12 04:29:57
TX100222,CUST1106,Desk Chair,Furniture,149.99,2,2026-03-15 16:19:57
TX100223,CUST1058,Laptop,Electronics,899.99,3,2026-04-29 14:29:57
TX100224,CUST1155,Running Shoes,Apparel,71.99,1,2026-04-12 19:16:57
TX100225,CUST1061,Coffee Maker,Appliances,49.99,1,2026-03-14 21:49:57
TX100226,CUST1059,Coffee Maker,Appliances,44.99,1,2026-05-21 10:36:57
TX100227,CUST1024,Backpack,Accessories,35.99,3,2026-03-27 04:48:57
TX100228,CUST1067,Desk Chair,Furniture,134.99,2,2026-05-03 08:41:57
TX100229,CUST1148,Running Shoes,Apparel,79.99,3,2026-05-09 01:52:57
TX100230,CUST1106,Smartphone,Electronics,699.99,2,2026-05-18 08:12:57
TX100231,CUST1177,Desk Chair,Furniture,149.99,1,2026-04-12 07:47:57
TX100232,CUST1092,Notebook,Stationery,2.69,2,2026-03-04 07:07:57
TX100233,CUST1185,Smartphone,Electronics,629.99,1,2026-03-13 07:04:57
TX100234,CUST1170,Running Shoes,Apparel,79.99,1,2026-05-04 06:58:57
TX100235,CUST1097,Desk Chair,Furniture,149.99,1,2026-04-15 13:56:57
TX100236,CUST1034,Laptop,Electronics,999.99,1,2026-03-15 17:22:57
TX100237,CUST1192,Running Shoes,Apparel,67.99,2,2026-03-15 11:32:57
TX100238,CUST1132,Laptop,Electronics,899.99,1,2026-05-02 15:41:57
TX100239,CUST1099,Notebook,Stationery,2.69,3,2026-04-02 20:39:57
TX100240,CUST1071,Toaster,Appliances,25.49,2,2026-05-05 00:44:57
TX100241,CUST1084,Smartphone,Electronics,699.99,1,2026-04-05 18:18:57
TX100242,CUST1118,Pen Set,Stationery,4.99,1,2026-03-24 01:25:57
TX100243,CUST1041,Smartphone,Electronics,594.99,3,2026-03-31 00:59:57
TX100244,CUST1128,Toaster,Appliances,29.99,1,2026-05-08 16:59:57
TX100245,CUST1057,Smartphone,Electronics,594.99,3,2026-04-17 11:08:57
TX100246,CUST1154,Backpack,Accessories,39.99,1,2026-04-29 14:26:57
TX100247,CUST1005,Smartphone,Electronics,629.99,2,2026-03-20 02:28:57
TX100248,CUST1133,Running Shoes,Apparel,79.99,3,2026-04-20 07:08:57
TX100249,CUST1170,Headphones,Electronics,80.99,3,2026-03-30 11:33:57
TX100250,CUST1016,Toaster,Appliances,29.99,2,2026-02-26 15:47:57
TX100251,CUST1010,Notebook,Stationery,2.54,2,2026-04-03 22:05:57
TX100252,CUST1163,Headphones,Electronics,80.99,1,2026-05-04 05:03:57
TX100253,CUST1085,Pen Set,Stationery,4.49,3,2026-05-09 18:00:57
TX100254,CUST1158,Pen Set,Stationery,4.49,3,2026-05-15 23:47:57
TX100255,CUST1018,Desk Chair,Furniture,149.99,3,2026-03-15 15:36:57
TX100256,CUST1158,Smartphone,Electronics,629.99,3,2026-03-01 06:48:57
TX100257,CUST1002,Laptop,Electronics,999.99,3,2026-04-05 22:25:57
TX100258,CUST1179,Toaster,Appliances,25.49,2,2026-04-30 19:31:57
TX100259,CUST1200,Desk Chair,Furniture,134.99,2,2026-03-04 20:15:57
TX100260,CUST1096,Pen Set,Stationery,4.24,3,2026-04-09 11:22:57
TX100261,CUST1011,Running Shoes,Apparel,79.99,3,2026-03-16 06:40:57
TX100262,CUST1131,Coffee Maker,Appliances,49.99,3,2026-04-01 14:44:57
TX100263,CUST1001,Backpack,Accessories,33.99,3,2026-02-23 08:33:57
TX100264,CUST1078,Desk Chair,Furniture,134.99,1,2026-03-16 05:40:57
TX100265,CUST1058,Coffee Maker,Appliances,44.99,1,2026-03-17 01:04:57
TX100266,CUST1001,Running Shoes,Apparel,79.99,1,2026-03-31 17:11:57
TX100267,CUST1122,Coffee Maker,Appliances,49.99,3,2026-03-30 09:33:57
TX100268,CUST1094,Notebook,Stationery,2.99,2,2026-03-30 18:53:57
TX100269,CUST1128,Running Shoes,Apparel,79.99,3,2026-03-24 14:41:57
TX100270,CUST1138,Desk Chair,Furniture,127.49,1,2026-05-19 03:01:57
TX100271,CUST1161,Notebook,Stationery,2.99,1,2026-02-22 10:20:57
TX100272,CUST1182,Coffee Maker,Appliances,44.99,3,2026-03-11 13:19:57
TX100273,CUST1193,Toaster,Appliances,26.99,2,2026-05-15 14:35:57
TX100274,CUST1174,Headphones,Electronics,76.49,2,2026-03-20 01:31:57
TX100275,CUST1067,Backpack,Accessories,39.99,2,2026-04-07 13:11:57
TX100276,CUST1104,Laptop,Electronics,899.99,1,2026-03-30 12:55:57
TX100277,CUST1051,Laptop,Electronics,849.99,3,2026-03-11 09:29:57
TX100278,CUST1067,Laptop,Electronics,849.99,1,2026-03-11 07:44:57
TX100279,CUST1103,Smartphone,Electronics,699.99,1,2026-02-21 17:47:57
TX100280,CUST1167,Laptop,Electronics,999.99,2,2026-04-07 01:39:57
TX100281,CUST1185,Notebook,Stationery,2.54,1,2026-04-25 03:48:57
TX100282,CUST1179,Pen Set,Stationery,4.49,3,2026-04-26 05:15:57
TX100283,CUST1172,Backpack,Accessories,33.99,2,2026-04-12 22:28:57
TX100284,CUST1078,Desk Chair,Furniture,127.49,3,2026-02-19 23:34:57
TX100285,CUST1124,Coffee Maker,Appliances,44.99,1,2026-05-14 05:46:57
TX100286,CUST1142,Backpack,Accessories,35.99,1,2026-04-16 03:52:57
TX100287,CUST1113,Backpack,Accessories,33.99,2,2026-03-06 06:33:57
TX100288,CUST1186,Desk Chair,Furniture,134.99,1,2026-05-19 04:30:57
TX100289,CUST1144,Notebook,Stationery,2.54,3,2026-03-11 13:18:57
TX100290,CUST1139,Backpack,Accessories,39.99,1,2026-02-21 14:39:57
TX100291,CUST1190,Laptop,Electronics,849.99,1,2026-02-19 17:17:57
TX100292,CUST1016,Backpack,Accessories,33.99,2,2026-04-25 13:39:57
TX100293,CUST1183,Pen Set,Stationery,4.99,2,2026-05-16 13:58:57
TX100294,CUST1179,Toaster,Appliances,25.49,1,2026-02-23 02:00:57
TX100295,CUST1137,Toaster,Appliances,29.99,1,2026-04-13 21:27:57
TX100296,CUST1071,Notebook,Stationery,2.99,2,2026-04-23 13:25:57
TX100297,CUST1091,Coffee Maker,Appliances,44.99,3,2026-05-18 23:38:57
TX100298,CUST1018,Backpack,Accessories,33.99,3,2026-03-24 14:25:57
TX100299,CUST1013,Laptop,Electronics,849.99,2,2026-05-18 08:02:57
TX100300,CUST1137,Notebook,Stationery,2.54,2,2026-03-23 20:19:57
TX100301,CUST1018,Toaster,Appliances,29.99,2,2026-03-28 06:06:57
TX100302,CUST1016,Notebook,Stationery,2.54,2,2026-03-05 20:18:57
TX100303,CUST1081,Pen Set,Stationery,4.24,3,2026-02-25 02:06:57
TX100304,CUST1011,Smartphone,Electronics,629.99,1,2026-05-10 22:53:57
TX100305,CUST1123,Running Shoes,Apparel,67.99,2,2026-03-15 17:28:57
TX100306,CUST1044,Notebook,Stationery,2.54,2,2026-03-26 07:27:57
TX100307,CUST1039,Desk Chair,Furniture,149.99,1,2026-03-26 17:32:57
TX100308,CUST1055,Toaster,Appliances,25.49,2,2026-03-10 12:16:57
TX100309,CUST1052,Pen Set,Stationery,4.24,2,2026-03-09 09:38:57
TX100310,CUST1168,Toaster,Appliances,29.99,2,2026-04-18 18:41:57
TX100311,CUST1089,Laptop,Electronics,999.99,2,2026-03-27 13:08:57
TX100312,CUST1153,Backpack,Accessories,39.99,2,2026-04-03 11:16:57
TX100313,CUST1083,Desk Chair,Furniture,127.49,1,2026-04-10 12:50:57
TX100314,CUST1096,Toaster,Appliances,25.49,2,2026-03-30 15:52:57
TX100315,CUST1172,Coffee Maker,Appliances,49.99,3,2026-02-24 11:58:57
TX100316,CUST1145,Running Shoes,Apparel,71.99,2,2026-05-20 09:29:57
TX100317,CUST1085,Pen Set,Stationery,4.24,2,2026-04-02 10:45:57
TX100318,CUST1110,Backpack,Accessories,33.99,1,2026-05-16 19:33:57
TX100319,CUST1085,Pen Set,Stationery,4.49,1,2026-02-28 23:47:57
TX100320,CUST1190,Headphones,Electronics,89.99,1,2026-03-26 18:18:57
TX100321,CUST1122,Headphones,Electronics,80.99,3,2026-05-08 20:43:57
TX100322,CUST1166,Smartphone,Electronics,629.99,3,2026-05-13 10:29:57
TX100323,CUST1101,Desk Chair,Furniture,149.99,2,2026-04-29 22:15:57
TX100324,CUST1151,Toaster,Appliances,26.99,2,2026-03-24 00:32:57
TX100325,CUST1119,Backpack,Accessories,33.99,1,2026-04-01 17:37:57
TX100326,CUST1014,Smartphone,Electronics,594.99,3,2026-03-29 00:45:57
TX100327,CUST1112,Toaster,Appliances,29.99,2,2026-05-02 08:10:57
TX100328,CUST1064,Desk Chair,Furniture,127.49,2,2026-02-25 19:35:57
TX100329,CUST1200,Toaster,Appliances,29.99,3,2026-04-02 13:52:57
TX100330,CUST1086,Headphones,Electronics,76.49,3,2026-04-20 03:44:57
TX100331,CUST1033,Pen Set,Stationery,4.99,3,2026-03-21 07:41:57
TX100332,CUST1121,Smartphone,Electronics,629.99,2,2026-04-23 17:02:57
TX100333,CUST1152,Laptop,Electronics,899.99,1,2026-03-25 21:22:57
TX100334,CUST1090,Toaster,Appliances,26.99,2,2026-04-22 23:03:57
TX100335,CUST1182,Pen Set,Stationery,4.99,3,2026-02-26 05:42:57
TX100336,CUST1034,Smartphone,Electronics,629.99,2,2026-04-01 07:51:57
TX100337,CUST1090,Coffee Maker,Appliances,44.99,1,2026-03-26 11:30:57
TX100338,CUST1023,Laptop,Electronics,849.99,2,2026-03-13 11:05:57
TX100339,CUST1135,Running Shoes,Apparel,71.99,1,2026-04-03 14:27:57
TX100340,CUST1021,Smartphone,Electronics,594.99,2,2026-02-20 04:36:57
TX100341,CUST1152,Coffee Maker,Appliances,49.99,2,2026-05-04 09:11:57
TX100342,CUST1040,Pen Set,Stationery,4.99,1,2026-02-20 11:27:57
TX100343,CUST1017,Headphones,Electronics,80.99,3,2026-05-08 13:31:57
TX100344,CUST1077,Pen Set,Stationery,4.99,3,2026-05-11 05:31:57
TX100345,CUST1199,Desk Chair,Furniture,149.99,2,2026-03-10 22:46:57
TX100346,CUST1063,Coffee Maker,Appliances,44.99,2,2026-03-07 07:29:57
TX100347,CUST1095,Laptop,Electronics,999.99,1,2026-05-16 20:16:57
TX100348,CUST1036,Coffee Maker,Appliances,42.49,3,2026-02-28 12:33:57
TX100349,CUST1093,Headphones,Electronics,76.49,1,2026-04-24 02:11:57
TX100350,CUST1161,Toaster,Appliances,25.49,3,2026-03-05 05:55:57
TX100351,CUST1008,Headphones,Electronics,76.49,3,2026-02-28 15:47:57
TX100352,CUST1116,Backpack,Accessories,39.99,3,2026-03-17 18:02:57
TX100353,CUST1042,Notebook,Stationery,2.54,1,2026-03-10 04:39:57
TX100354,CUST1186,Headphones,Electronics,80.99,1,2026-04-22 08:22:57
TX100355,CUST1019,Toaster,Appliances,26.99,1,2026-03-29 22:23:57
TX100356,CUST1170,Backpack,Accessories,33.99,3,2026-03-28 15:31:57
TX100357,CUST1160,Toaster,Appliances,26.99,1,2026-02-28 08:22:57
TX100358,CUST1003,Coffee Maker,Appliances,49.99,2,2026-04-10 20:45:57
TX100359,CUST1141,Notebook,Stationery,2.99,1,2026-05-11 02:28:57
TX100360,CUST1076,Laptop,Electronics,999.99,3,2026-04-28 07:24:57
TX100361,CUST1064,Running Shoes,Apparel,67.99,1,2026-05-14 14:28:57
TX100362,CUST1090,Laptop,Electronics,899.99,3,2026-02-27 06:57:57
TX100363,CUST1140,Toaster,Appliances,25.49,1,2026-05-15 06:31:57
TX100364,CUST1157,Coffee Maker,Appliances,42.49,3,2026-02-24 18:46:57
TX100365,CUST1146,Headphones,Electronics,80.99,3,2026-03-22 03:06:57
TX100366,CUST1011,Headphones,Electronics,76.49,3,2026-05-16 18:29:57
TX100367,CUST1113,Notebook,Stationery,2.54,3,2026-03-30 16:42:57
TX100368,CUST1181,Backpack,Accessories,35.99,1,2026-02-21 20:10:57
TX100369,CUST1151,Toaster,Appliances,26.99,1,2026-05-05 20:09:57
TX100370,CUST1009,Notebook,Stationery,2.69,2,2026-02-27 17:19:57
TX100371,CUST1063,Coffee Maker,Appliances,49.99,3,2026-05-18 21:25:57
TX100372,CUST1030,Smartphone,Electronics,699.99,3,2026-04-22 23:21:57
TX100373,CUST1160,Running Shoes,Apparel,71.99,3,2026-04-26 23:01:57
TX100374,CUST1193,Notebook,Stationery,2.99,2,2026-04-02 06:51:57
TX100375,CUST1032,Smartphone,Electronics,629.99,3,2026-03-05 17:39:57
TX100376,CUST1051,Backpack,Accessories,35.99,2,2026-02-27 00:51:57
TX100377,CUST1181,Desk Chair,Furniture,149.99,1,2026-03-18 09:48:57
TX100378,CUST1142,Smartphone,Electronics,629.99,3,2026-05-17 16:43:57
TX100379,CUST1014,Laptop,Electronics,849.99,2,2026-03-25 16:14:57
TX100380,CUST1193,Toaster,Appliances,26.99,2,2026-05-17 20:45:57
TX100381,CUST1120,Notebook,Stationery,2.54,2,2026-03-18 16:39:57
TX100382,CUST1027,Smartphone,Electronics,629.99,1,2026-05-02 15:36:57
TX100383,CUST1187,Running Shoes,Apparel,71.99,3,2026-04-09 13:42:57
TX100384,CUST1104,Backpack,Accessories,39.99,2,2026-04-21 13:11:57
TX100385,CUST1124,Headphones,Electronics,80.99,2,2026-03-05 06:07:57
TX100386,CUST1072,Notebook,Stationery,2.54,2,2026-03-25 09:41:57
TX100387,CUST1127,Desk Chair,Furniture,149.99,3,2026-03-26 15:18:57
TX100388,CUST1124,Notebook,Stationery,2.54,1,2026-05-19 18:04:57
TX100389,CUST1055,Running Shoes,Apparel,67.99,3,2026-05-14 15:27:57
TX100390,CUST1081,Running Shoes,Apparel,71.99,2,2026-04-07 11:42:57
TX100391,CUST1055,Smartphone,Electronics,699.99,3,2026-03-30 02:52:57
TX100392,CUST1025,Desk Chair,Furniture,127.49,3,2026-02-27 08:06:57
TX100393,CUST1162,Running Shoes,Apparel,67.99,3,2026-03-14 15:14:57
TX100394,CUST1067,Running Shoes,Apparel,71.99,3,2026-02-21 06:13:57
TX100395,CUST1006,Notebook,Stationery,2.54,1,2026-03-14 07:00:57
TX100396,CUST1183,Running Shoes,Apparel,79.99,3,2026-03-23 23:45:57
TX100397,CUST1194,Desk Chair,Furniture,134.99,1,2026-03-04 11:41:57
TX100398,CUST1006,Smartphone,Electronics,594.99,3,2026-04-07 22:12:57
TX100399,CUST1022,Toaster,Appliances,26.99,3,2026-02-24 09:47:57
TX100400,CUST1190,Coffee Maker,Appliances,44.99,1,2026-05-20 10:17:57
TX100401,CUST1174,Smartphone,Electronics,699.99,2,2026-05-02 03:35:57
TX100402,CUST1042,Headphones,Electronics,80.99,3,2026-04-24 02:41:57
TX100403,CUST1169,Running Shoes,Apparel,79.99,3,2026-03-25 18:42:57
TX100404,CUST1074,Coffee Maker,Appliances,42.49,3,2026-04-16 05:25:57
TX100405,CUST1157,Headphones,Electronics,76.49,3,2026-05-09 02:54:57
TX100406,CUST1115,Smartphone,Electronics,629.99,1,2026-03-26 17:53:57
TX100407,CUST1100,Notebook,Stationery,2.54,3,2026-03-08 04:40:57
TX100408,CUST1191,Backpack,Accessories,33.99,1,2026-05-02 06:12:57
TX100409,CUST1085,Headphones,Electronics,89.99,3,2026-03-08 00:15:57
TX100410,CUST1125,Running Shoes,Apparel,71.99,2,2026-04-21 12:57:57
TX100411,CUST1129,Smartphone,Electronics,699.99,1,2026-04-17 02:25:57
TX100412,CUST1054,Desk Chair,Furniture,134.99,3,2026-04-13 22:29:57
TX100413,CUST1128,Notebook,Stationery,2.54,1,2026-03-16 07:52:57
TX100414,CUST1011,Coffee Maker,Appliances,49.99,2,2026-03-07 07:19:57
TX100415,CUST1121,Desk Chair,Furniture,127.49,2,2026-05-01 02:55:57
TX100416,CUST1044,Desk Chair,Furniture,127.49,3,2026-05-11 17:38:57
TX100417,CUST1001,Headphones,Electronics,89.99,2,2026-04-29 22:09:57
TX100418,CUST1064,Pen Set,Stationery,4.24,1,2026-05-18 11:54:57
TX100419,CUST1144,Notebook,Stationery,2.99,1,2026-04-13 14:19:57
TX100420,CUST1183,Notebook,Stationery,2.54,3,2026-04-30 20:51:57
TX100421,CUST1091,Headphones,Electronics,80.99,1,2026-05-13 16:07:57
TX100422,CUST1183,Desk Chair,Furniture,149.99,2,2026-03-10 13:23:57
TX100423,CUST1169,Desk Chair,Furniture,134.99,2,2026-03-20 11:07:57
TX100424,CUST1149,Pen Set,Stationery,4.99,1,2026-03-03 06:01:57
TX100425,CUST1086,Coffee Maker,Appliances,49.99,2,2026-04-07 08:05:57
TX100426,CUST1190,Laptop,Electronics,849.99,3,2026-05-19 04:33:57
TX100427,CUST1089,Coffee Maker,Appliances,42.49,1,2026-05-05 10:00:57
TX100428,CUST1175,Pen Set,Stationery,4.99,1,2026-02-24 05:09:57
TX100429,CUST1074,Pen Set,Stationery,4.49,2,2026-03-30 06:33:57
TX100430,CUST1048,Smartphone,Electronics,594.99,2,2026-05-08 10:30:57
TX100431,CUST1148,Toaster,Appliances,25.49,1,2026-05-02 22:00:57
TX100432,CUST1124,Backpack,Accessories,39.99,2,2026-04-13 15:49:57
TX100433,CUST1040,Laptop,Electronics,849.99,3,2026-03-06 16:44:57
TX100434,CUST1162,Backpack,Accessories,39.99,3,2026-02-27 04:55:57
TX100435,CUST1156,Running Shoes,Apparel,79.99,3,2026-04-27 21:58:57
TX100436,CUST1142,Pen Set,Stationery,4.24,2,2026-04-09 11:14:57
TX100437,CUST1005,Backpack,Accessories,33.99,3,2026-05-06 03:26:57
TX100438,CUST1160,Running Shoes,Apparel,79.99,1,2026-04-07 14:47:57
TX100439,CUST1152,Notebook,Stationery,2.69,2,2026-05-13 10:46:57
TX100440,CUST1159,Notebook,Stationery,2.99,3,2026-04-25 17:56:57
TX100441,CUST1182,Desk Chair,Furniture,149.99,3,2026-05-14 22:31:57
TX100442,CUST1051,Running Shoes,Apparel,79.99,3,2026-03-16 17:00:57
TX100443,CUST1020,Coffee Maker,Appliances,44.99,1,2026-04-03 09:41:57
TX100444,CUST1012,Headphones,Electronics,80.99,1,2026-04-15 10:42:57
TX100445,CUST1089,Desk Chair,Furniture,127.49,1,2026-04-05 02:12:57
TX100446,CUST1026,Pen Set,Stationery,4.99,1,2026-04-12 12:14:57
TX100447,CUST1200,Backpack,Accessories,33.99,2,2026-04-30 03:23:57
TX100448,CUST1179,Laptop,Electronics,999.99,2,2026-04-11 09:43:57
TX100449,CUST1016,Coffee Maker,Appliances,44.99,1,2026-04-01 05:09:57
TX100450,CUST1163,Toaster,Appliances,29.99,2,2026-05-10 20:47:57
TX100451,CUST1059,Coffee Maker,Appliances,42.49,2,2026-04-22 05:35:57
TX100452,CUST1021,Running Shoes,Apparel,71.99,1,2026-05-09 05:38:57
TX100453,CUST1198,Headphones,Electronics,76.49,1,2026-05-16 18:00:57
TX100454,CUST1147,Toaster,Appliances,29.99,3,2026-03-16 10:54:57
TX100455,CUST1079,Pen Set,Stationery,4.49,2,2026-02-26 22:58:57
TX100456,CUST1030,Coffee Maker,Appliances,42.49,2,2026-04-15 17:24:57
TX100457,CUST1150,Toaster,Appliances,26.99,1,2026-03-09 11:24:57
TX100458,CUST1020,Headphones,Electronics,89.99,1,2026-03-21 15:36:57
TX100459,CUST1177,Notebook,Stationery,2.99,1,2026-05-18 02:02:57
TX100460,CUST1135,Notebook,Stationery,2.99,1,2026-04-27 20:45:57
TX100461,CUST1044,Pen Set,Stationery,4.49,3,2026-03-07 02:42:57
TX100462,CUST1025,Smartphone,Electronics,594.99,2,2026-03-01 17:27:57
TX100463,CUST1030,Notebook,Stationery,2.54,3,2026-03-23 13:22:57
TX100464,CUST1003,Smartphone,Electronics,699.99,2,2026-03-01 08:30:57
TX100465,CUST1043,Running Shoes,Apparel,71.99,2,2026-05-07 14:00:57
TX100466,CUST1068,Smartphone,Electronics,594.99,3,2026-05-11 19:54:57
TX100467,CUST1047,Pen Set,Stationery,4.24,1,2026-04-06 22:13:57
TX100468,CUST1149,Toaster,Appliances,26.99,2,2026-04-08 22:32:57
TX100469,CUST1097,Running Shoes,Apparel,71.99,3,2026-03-10 18:40:57
TX100470,CUST1035,Desk Chair,Furniture,134.99,1,2026-03-24 02:54:57
TX100471,CUST1034,Headphones,Electronics,89.99,3,2026-02-23 23:02:57
TX100472,CUST1083,Backpack,Accessories,35.99,2,2026-04-16 02:46:57
TX100473,CUST1080,Backpack,Accessories,33.99,1,2026-04-01 23:43:57
TX100474,CUST1196,Coffee Maker,Appliances,49.99,1,2026-04-23 05:47:57
TX100475,CUST1057,Smartphone,Electronics,629.99,1,2026-02-21 00:59:57
TX100476,CUST1160,Laptop,Electronics,999.99,2,2026-05-04 09:30:57
TX100477,CUST1011,Headphones,Electronics,89.99,1,2026-03-30 00:34:57
TX100478,CUST1085,Smartphone,Electronics,594.99,1,2026-04-06 20:11:57
TX100479,CUST1179,Smartphone,Electronics,594.99,3,2026-04-23 02:58:57
TX100480,CUST1125,Toaster,Appliances,25.49,1,2026-05-10 14:16:57
TX100481,CUST1065,Laptop,Electronics,899.99,1,2026-03-30 22:00:57
TX100482,CUST1035,Notebook,Stationery,2.99,1,2026-03-05 14:30:57
TX100483,CUST1129,Laptop,Electronics,999.99,2,2026-04-08 03:20:57
TX100484,CUST1079,Backpack,Accessories,33.99,2,2026-03-02 21:44:57
TX100485,CUST1129,Headphones,Electronics,76.49,3,2026-04-21 10:53:57
TX100486,CUST1136,Headphones,Electronics,89.99,1,2026-04-13 06:12:57
TX100487,CUST1033,Notebook,Stationery,2.54,3,2026-05-17 04:39:57
TX100488,CUST1082,Smartphone,Electronics,699.99,1,2026-03-05 10:18:57
TX100489,CUST1101,Pen Set,Stationery,4.99,1,2026-04-15 18:46:57
TX100490,CUST1030,Toaster,Appliances,29.99,3,2026-03-04 17:50:57
TX100491,CUST1040,Notebook,Stationery,2.54,2,2026-03-23 13:43:57
TX100492,CUST1100,Laptop,Electronics,899.99,1,2026-04-09 20:34:57
TX100493,CUST1158,Coffee Maker,Appliances,42.49,1,2026-04-11 20:41:57
TX100494,CUST1088,Headphones,Electronics,80.99,1,2026-04-08 23:48:57
TX100495,CUST1111,Running Shoes,Apparel,79.99,2,2026-03-08 15:58:57
TX100496,CUST1183,Backpack,Accessories,35.99,3,2026-03-31 21:44:57
TX100497,CUST1023,Running Shoes,Apparel,79.99,2,2026-05-16 23:56:57
TX100498,CUST1025,Running Shoes,Apparel,67.99,3,2026-03-29 20:48:57
TX100499,CUST1101,Running Shoes,Apparel,71.99,3,2026-03-24 07:06:57
TX100500,CUST1121,Running Shoes,Apparel,79.99,1,2026-03-26 12:02:57
TX100501,CUST1067,Desk Chair,Furniture,127.49,2,2026-04-12 06:42:57
TX100502,CUST1045,Laptop,Electronics,899.99,3,2026-02-28 12:31:57
TX100503,CUST1110,Smartphone,Electronics,699.99,1,2026-02-24 13:32:57
TX100504,CUST1062,Toaster,Appliances,25.49,3,2026-02-28 19:34:57
TX100505,CUST1189,Smartphone,Electronics,594.99,2,2026-05-16 12:58:57
TX100506,CUST1009,Headphones,Electronics,80.99,1,2026-05-08 19:33:57
TX100507,CUST1083,Coffee Maker,Appliances,44.99,3,2026-05-02 06:10:57
TX100508,CUST1067,Headphones,Electronics,80.99,3,2026-05-12 23:49:57
TX100509,CUST1176,Toaster,Appliances,25.49,2,2026-04-09 03:18:57
TX100510,CUST1076,Pen Set,Stationery,4.99,1,2026-03-02 08:16:57
TX100511,CUST1076,Smartphone,Electronics,629.99,2,2026-05-19 00:02:57
TX100512,CUST1069,Running Shoes,Apparel,67.99,1,2026-04-06 17:43:57
TX100513,CUST1050,Coffee Maker,Appliances,44.99,1,2026-04-13 04:47:57
TX100514,CUST1014,Running Shoes,Apparel,71.99,1,2026-05-07 17:09:57
TX100515,CUST1053,Backpack,Accessories,33.99,1,2026-04-01 05:25:57
TX100516,CUST1184,Smartphone,Electronics,594.99,2,2026-04-09 14:36:57
TX100517,CUST1049,Smartphone,Electronics,699.99,3,2026-04-05 02:04:57
TX100518,CUST1041,Toaster,Appliances,26.99,3,2026-05-21 05:30:57
TX100519,CUST1099,Running Shoes,Apparel,79.99,2,2026-04-09 09:09:57
TX100520,CUST1094,Laptop,Electronics,999.99,2,2026-04-22 06:02:57
TX100521,CUST1146,Headphones,Electronics,89.99,3,2026-02-22 05:35:57
TX100522,CUST1031,Coffee Maker,Appliances,49.99,2,2026-03-09 02:04:57
TX100523,CUST1190,Backpack,Accessories,39.99,3,2026-03-21 14:55:57
TX100524,CUST1003,Notebook,Stationery,2.99,2,2026-04-27 11:08:57
TX100525,CUST1051,Smartphone,Electronics,629.99,2,2026-02-28 23:15:57
TX100526,CUST1016,Toaster,Appliances,29.99,2,2026-04-22 00:30:57
TX100527,CUST1149,Pen Set,Stationery,4.24,2,2026-05-16 02:16:57
TX100528,CUST1144,Toaster,Appliances,26.99,1,2026-02-22 20:28:57
TX100529,CUST1101,Smartphone,Electronics,594.99,2,2026-03-12 09:43:57
TX100530,CUST1151,Toaster,Appliances,29.99,2,2026-05-20 20:14:57
TX100531,CUST1159,Toaster,Appliances,26.99,1,2026-03-10 04:42:57
TX100532,CUST1054,Toaster,Appliances,25.49,3,2026-04-19 11:47:57
TX100533,CUST1025,Desk Chair,Furniture,134.99,1,2026-03-19 13:31:57
TX100534,CUST1137,Notebook,Stationery,2.69,1,2026-04-09 02:58:57
TX100535,CUST1086,Running Shoes,Apparel,71.99,1,2026-04-24 03:03:57
TX100536,CUST1171,Smartphone,Electronics,629.99,3,2026-04-13 17:03:57
TX100537,CUST1154,Pen Set,Stationery,4.24,2,2026-04-08 04:36:57
TX100538,CUST1139,Notebook,Stationery,2.54,3,2026-04-29 22:31:57
TX100539,CUST1169,Laptop,Electronics,899.99,3,2026-05-13 16:11:57
TX100540,CUST1140,Pen Set,Stationery,4.49,3,2026-04-10 12:46:57
TX100541,CUST1043,Notebook,Stationery,2.54,1,2026-05-17 02:11:57
TX100542,CUST1076,Headphones,Electronics,76.49,3,2026-03-28 13:57:57
TX100543,CUST1105,Running Shoes,Apparel,79.99,2,2026-03-20 20:39:57
TX100544,CUST1059,Coffee Maker,Appliances,44.99,1,2026-04-26 03:17:57
TX100545,CUST1036,Smartphone,Electronics,699.99,3,2026-05-11 01:35:57
TX100546,CUST1146,Desk Chair,Furniture,127.49,1,2026-03-09 17:31:57
TX100547,CUST1191,Laptop,Electronics,899.99,1,2026-03-26 00:15:57
TX100548,CUST1054,Running Shoes,Apparel,67.99,1,2026-03-26 16:16:57
TX100549,CUST1166,Desk Chair,Furniture,149.99,2,2026-03-04 03:59:57
TX100550,CUST1109,Backpack,Accessories,35.99,1,2026-05-05 07:15:57
TX100551,CUST1146,Headphones,Electronics,89.99,1,2026-04-14 08:33:57
TX100552,CUST1089,Headphones,Electronics,80.99,2,2026-04-20 21:09:57
TX100553,CUST1089,Laptop,Electronics,849.99,2,2026-03-16 01:56:57
TX100554,CUST1178,Laptop,Electronics,999.99,2,2026-05-20 05:47:57
TX100555,CUST1131,Laptop,Electronics,899.99,2,2026-04-10 23:17:57
TX100556,CUST1177,Desk Chair,Furniture,149.99,1,2026-03-26 11:39:57
TX100557,CUST1085,Coffee Maker,Appliances,42.49,2,2026-05-05 04:59:57
TX100558,CUST1180,Desk Chair,Furniture,134.99,2,2026-02-24 18:43:57
TX100559,CUST1054,Notebook,Stationery,2.99,3,2026-04-30 15:54:57
TX100560,CUST1063,Smartphone,Electronics,594.99,2,2026-05-04 05:29:57
TX100561,CUST1080,Toaster,Appliances,25.49,3,2026-05-01 17:40:57
TX100562,CUST1194,Backpack,Accessories,33.99,2,2026-04-02 11:13:57
TX100563,CUST1147,Headphones,Electronics,76.49,3,2026-03-30 10:05:57
TX100564,CUST1040,Headphones,Electronics,76.49,1,2026-05-04 10:38:57
TX100565,CUST1045,Toaster,Appliances,26.99,2,2026-05-19 18:21:57
TX100566,CUST1147,Running Shoes,Apparel,71.99,2,2026-03-30 16:35:57
TX100567,CUST1172,Running Shoes,Apparel,71.99,1,2026-03-06 06:12:57
TX100568,CUST1157,Coffee Maker,Appliances,44.99,1,2026-03-27 02:18:57
TX100569,CUST1034,Laptop,Electronics,849.99,3,2026-05-11 17:02:57
TX100570,CUST1089,Headphones,Electronics,80.99,3,2026-02-22 17:29:57
TX100571,CUST1178,Laptop,Electronics,999.99,3,2026-04-10 21:56:57
TX100572,CUST1044,Smartphone,Electronics,699.99,2,2026-03-03 20:56:57
TX100573,CUST1067,Smartphone,Electronics,699.99,3,2026-04-03 04:45:57
TX100574,CUST1043,Headphones,Electronics,76.49,2,2026-03-07 03:33:57
TX100575,CUST1189,Laptop,Electronics,899.99,3,2026-05-19 05:33:57
TX100576,CUST1057,Laptop,Electronics,899.99,1,2026-03-14 20:34:57
TX100577,CUST1103,Running Shoes,Apparel,67.99,2,2026-03-22 17:30:57
TX100578,CUST1120,Smartphone,Electronics,629.99,2,2026-03-06 04:43:57
TX100579,CUST1127,Toaster,Appliances,25.49,2,2026-03-13 01:56:57
TX100580,CUST1152,Running Shoes,Apparel,67.99,3,2026-02-26 18:16:57
TX100581,CUST1068,Notebook,Stationery,2.54,3,2026-04-16 00:13:57
TX100582,CUST1140,Laptop,Electronics,899.99,3,2026-04-29 06:08:57
TX100583,CUST1120,Headphones,Electronics,76.49,1,2026-05-13 16:03:57
TX100584,CUST1137,Notebook,Stationery,2.99,1,2026-03-22 06:49:57
TX100585,CUST1002,Backpack,Accessories,35.99,2,2026-05-05 23:06:57
TX100586,CUST1015,Smartphone,Electronics,699.99,1,2026-05-19 20:44:57
TX100587,CUST1062,Coffee Maker,Appliances,42.49,1,2026-05-11 05:19:57
TX100588,CUST1133,Backpack,Accessories,39.99,2,2026-03-08 15:14:57
TX100589,CUST1012,Smartphone,Electronics,629.99,2,2026-04-11 14:57:57
TX100590,CUST1111,Notebook,Stationery,2.99,3,2026-02-24 04:11:57
TX100591,CUST1095,Laptop,Electronics,899.99,3,2026-03-31 09:13:57
TX100592,CUST1040,Coffee Maker,Appliances,44.99,3,2026-03-05 08:54:57
TX100593,CUST1172,Smartphone,Electronics,594.99,3,2026-04-28 06:02:57
TX100594,CUST1036,Notebook,Stationery,2.69,3,2026-05-11 12:11:57
TX100595,CUST1116,Running Shoes,Apparel,71.99,1,2026-04-04 06:32:57
TX100596,CUST1144,Running Shoes,Apparel,79.99,3,2026-03-13 00:46:57
TX100597,CUST1055,Toaster,Appliances,26.99,3,2026-03-19 23:20:57
TX100598,CUST1050,Coffee Maker,Appliances,44.99,2,2026-02-21 06:56:57
TX100599,CUST1103,Notebook,Stationery,2.54,1,2026-03-13 07:45:57
TX100600,CUST1146,Toaster,Appliances,25.49,2,2026-05-17 17:42:57
TX100601,CUST1181,Coffee Maker,Appliances,44.99,2,2026-03-18 13:56:57
TX100602,CUST1157,Laptop,Electronics,999.99,1,2026-03-27 06:16:57
TX100603,CUST1062,Backpack,Accessories,33.99,3,2026-04-04 11:02:57
TX100604,CUST1001,Laptop,Electronics,999.99,1,2026-02-19 23:12:57
TX100605,CUST1111,Laptop,Electronics,899.99,1,2026-05-04 17:03:57
TX100606,CUST1158,Pen Set,Stationery,4.49,2,2026-04-11 03:23:57
TX100607,CUST1132,Toaster,Appliances,25.49,2,2026-05-08 15:14:57
TX100608,CUST1173,Desk Chair,Furniture,127.49,2,2026-05-10 13:12:57
TX100609,CUST1077,Smartphone,Electronics,699.99,1,2026-03-03 14:22:57
TX100610,CUST1059,Running Shoes,Apparel,67.99,2,2026-03-22 22:56:57
TX100611,CUST1108,Toaster,Appliances,26.99,2,2026-04-03 22:33:57
TX100612,CUST1175,Headphones,Electronics,80.99,3,2026-04-29 16:55:57
TX100613,CUST1142,Desk Chair,Furniture,134.99,3,2026-03-14 08:34:57
TX100614,CUST1153,Headphones,Electronics,89.99,3,2026-05-12 17:25:57
TX100615,CUST1135,Running Shoes,Apparel,71.99,3,2026-04-09 09:31:57
TX100616,CUST1028,Running Shoes,Apparel,79.99,1,2026-03-09 03:43:57
TX100617,CUST1186,Notebook,Stationery,2.69,1,2026-04-30 04:32:57
TX100618,CUST1002,Backpack,Accessories,33.99,1,2026-03-01 03:53:57
TX100619,CUST1158,Coffee Maker,Appliances,42.49,1,2026-02-21 01:06:57
TX100620,CUST1080,Smartphone,Electronics,594.99,1,2026-04-01 12:39:57
TX100621,CUST1165,Desk Chair,Furniture,134.99,2,2026-03-08 01:29:57
TX100622,CUST1151,Smartphone,Electronics,594.99,1,2026-04-15 06:27:57
TX100623,CUST1084,Coffee Maker,Appliances,44.99,3,2026-04-23 15:06:57
TX100624,CUST1065,Desk Chair,Furniture,149.99,3,2026-02-28 09:48:57
TX100625,CUST1057,Pen Set,Stationery,4.24,1,2026-03-05 09:56:57
TX100626,CUST1080,Pen Set,Stationery,4.49,1,2026-03-22 16:14:57
TX100627,CUST1163,Smartphone,Electronics,699.99,2,2026-05-05 15:11:57
TX100628,CUST1021,Notebook,Stationery,2.69,1,2026-04-29 00:23:57
TX100629,CUST1012,Smartphone,Electronics,699.99,2,2026-02-26 23:58:57
TX100630,CUST1192,Smartphone,Electronics,594.99,1,2026-04-19 13:25:57
TX100631,CUST1049,Desk Chair,Furniture,149.99,1,2026-04-26 14:46:57
TX100632,CUST1100,Desk Chair,Furniture,149.99,1,2026-02-22 23:14:57
TX100633,CUST1034,Coffee Maker,Appliances,44.99,1,2026-03-02 03:22:57
TX100634,CUST1056,Headphones,Electronics,76.49,2,2026-05-17 01:12:57
TX100635,CUST1145,Toaster,Appliances,29.99,1,2026-04-06 12:42:57
TX100636,CUST1192,Notebook,Stationery,2.99,3,2026-04-27 06:18:57
TX100637,CUST1018,Coffee Maker,Appliances,49.99,1,2026-03-18 21:54:57
TX100638,CUST1163,Backpack,Accessories,39.99,2,2026-03-24 10:24:57
TX100639,CUST1119,Laptop,Electronics,849.99,3,2026-04-01 03:48:57
TX100640,CUST1088,Pen Set,Stationery,4.99,2,2026-03-09 07:19:57
TX100641,CUST1172,Running Shoes,Apparel,71.99,1,2026-05-13 23:28:57
TX100642,CUST1139,Desk Chair,Furniture,127.49,2,2026-03-15 11:12:57
TX100643,CUST1001,Laptop,Electronics,899.99,1,2026-04-07 12:15:57
TX100644,CUST1097,Backpack,Accessories,39.99,1,2026-03-26 15:19:57
TX100645,CUST1142,Running Shoes,Apparel,71.99,2,2026-03-23 19:32:57
TX100646,CUST1196,Toaster,Appliances,26.99,3,2026-04-10 19:25:57
TX100647,CUST1148,Laptop,Electronics,849.99,3,2026-02-20 20:18:57
TX100648,CUST1137,Pen Set,Stationery,4.24,3,2026-03-31 11:32:57
TX100649,CUST1193,Pen Set,Stationery,4.24,1,2026-05-11 08:04:57
TX100650,CUST1137,Backpack,Accessories,39.99,1,2026-04-23 23:10:57
TX100651,CUST1141,Notebook,Stationery,2.99,3,2026-03-22 19:58:57
TX100652,CUST1012,Headphones,Electronics,80.99,1,2026-03-06 00:10:57
TX100653,CUST1087,Notebook,Stationery,2.54,3,2026-05-06 10:59:57
TX100654,CUST1030,Smartphone,Electronics,699.99,2,2026-04-08 18:11:57
TX100655,CUST1159,Running Shoes,Apparel,79.99,1,2026-03-27 12:45:57
TX100656,CUST1187,Coffee Maker,Appliances,49.99,2,2026-03-16 09:08:57
TX100657,CUST1091,Headphones,Electronics,80.99,2,2026-05-09 16:57:57
TX100658,CUST1198,Coffee Maker,Appliances,42.49,1,2026-03-19 10:49:57
TX100659,CUST1024,Notebook,Stationery,2.99,3,2026-05-13 18:38:57
TX100660,CUST1106,Toaster,Appliances,26.99,2,2026-05-06 16:04:57
TX100661,CUST1116,Smartphone,Electronics,594.99,1,2026-02-23 06:38:57
TX100662,CUST1081,Running Shoes,Apparel,67.99,3,2026-04-24 11:37:57
TX100663,CUST1182,Running Shoes,Apparel,79.99,1,2026-04-20 10:58:57
TX100664,CUST1081,Laptop,Electronics,899.99,2,2026-05-01 10:10:57
TX100665,CUST1190,Running Shoes,Apparel,79.99,1,2026-02-20 20:54:57
TX100666,CUST1066,Desk Chair,Furniture,149.99,2,2026-05-06 14:34:57
TX100667,CUST1021,Headphones,Electronics,76.49,1,2026-04-16 16:19:57
TX100668,CUST1010,Backpack,Accessories,35.99,1,2026-03-03 06:01:57
TX100669,CUST1096,Headphones,Electronics,76.49,1,2026-03-25 12:52:57
TX100670,CUST1148,Running Shoes,Apparel,67.99,1,2026-03-17 07:00:57
TX100671,CUST1125,Headphones,Electronics,80.99,2,2026-05-17 23:43:57
TX100672,CUST1075,Laptop,Electronics,899.99,1,2026-05-19 07:51:57
TX100673,CUST1063,Headphones,Electronics,76.49,1,2026-05-18 16:11:57
TX100674,CUST1031,Laptop,Electronics,999.99,3,2026-05-05 07:11:57
TX100675,CUST1176,Laptop,Electronics,849.99,3,2026-05-21 01:33:57
TX100676,CUST1013,Desk Chair,Furniture,127.49,3,2026-04-09 17:33:57
TX100677,CUST1191,Smartphone,Electronics,594.99,3,2026-05-05 13:30:57
TX100678,CUST1084,Headphones,Electronics,89.99,3,2026-04-07 17:12:57
TX100679,CUST1168,Smartphone,Electronics,699.99,3,2026-05-13 02:01:57
TX100680,CUST1087,Desk Chair,Furniture,149.99,3,2026-04-12 14:09:57
TX100681,CUST1027,Notebook,Stationery,2.69,3,2026-03-19 19:36:57
TX100682,CUST1054,Smartphone,Electronics,699.99,1,2026-03-12 12:16:57
TX100683,CUST1013,Pen Set,Stationery,4.24,2,2026-05-10 13:16:57
TX100684,CUST1012,Smartphone,Electronics,629.99,1,2026-04-14 15:14:57
TX100685,CUST1172,Pen Set,Stationery,4.49,3,2026-05-07 06:54:57
TX100686,CUST1151,Notebook,Stationery,2.99,3,2026-03-15 16:24:57
TX100687,CUST1142,Pen Set,Stationery,4.99,2,2026-04-21 10:43:57
TX100688,CUST1047,Toaster,Appliances,26.99,3,2026-05-11 00:17:57
TX100689,CUST1177,Backpack,Accessories,39.99,2,2026-04-18 09:15:57
TX100690,CUST1133,Backpack,Accessories,39.99,3,2026-05-19 16:37:57
TX100691,CUST1041,Toaster,Appliances,29.99,1,2026-05-19 19:12:57
TX100692,CUST1098,Coffee Maker,Appliances,49.99,2,2026-04-25 09:03:57
TX100693,CUST1065,Backpack,Accessories,35.99,2,2026-03-25 21:18:57
TX100694,CUST1116,Coffee Maker,Appliances,49.99,2,2026-03-28 17:06:57
TX100695,CUST1093,Laptop,Electronics,849.99,1,2026-04-20 08:36:57
TX100696,CUST1117,Headphones,Electronics,89.99,1,2026-04-07 02:46:57
TX100697,CUST1112,Backpack,Accessories,33.99,1,2026-03-15 06:52:57
TX100698,CUST1141,Headphones,Electronics,80.99,3,2026-03-12 14:09:57
TX100699,CUST1155,Toaster,Appliances,26.99,2,2026-04-13 22:25:57
TX100700,CUST1171,Headphones,Electronics,89.99,3,2026-02-27 06:09:57
TX100701,CUST1082,Desk Chair,Furniture,127.49,3,2026-05-04 04:07:57
TX100702,CUST1102,Backpack,Accessories,39.99,3,2026-05-18 20:12:57
TX100703,CUST1173,Headphones,Electronics,80.99,2,2026-03-18 16:16:57
TX100704,CUST1042,Pen Set,Stationery,4.49,1,2026-02-25 09:36:57
TX100705,CUST1093,Coffee Maker,Appliances,42.49,3,2026-05-15 20:07:57
TX100706,CUST1075,Headphones,Electronics,89.99,3,2026-05-08 10:53:57
TX100707,CUST1065,Running Shoes,Apparel,71.99,1,2026-03-26 01:53:57
TX100708,CUST1059,Toaster,Appliances,26.99,1,2026-04-27 00:01:57
TX100709,CUST1025,Desk Chair,Furniture,149.99,2,2026-03-04 01:53:57
TX100710,CUST1063,Running Shoes,Apparel,67.99,3,2026-05-11 17:12:57
TX100711,CUST1165,Laptop,Electronics,849.99,1,2026-04-07 05:34:57
TX100712,CUST1053,Headphones,Electronics,76.49,2,2026-04-13 16:02:57
TX100713,CUST1137,Notebook,Stationery,2.54,2,2026-02-23 14:54:57
TX100714,CUST1002,Desk Chair,Furniture,127.49,3,2026-03-12 06:13:57
TX100715,CUST1030,Coffee Maker,Appliances,49.99,3,2026-05-14 16:12:57
TX100716,CUST1042,Laptop,Electronics,999.99,2,2026-05-06 21:19:57
TX100717,CUST1012,Running Shoes,Apparel,71.99,3,2026-03-28 05:51:57
TX100718,CUST1127,Toaster,Appliances,26.99,1,2026-04-03 22:32:57
TX100719,CUST1021,Headphones,Electronics,89.99,2,2026-03-21 01:36:57
TX100720,CUST1049,Laptop,Electronics,999.99,3,2026-05-16 00:35:57
TX100721,CUST1029,Headphones,Electronics,76.49,2,2026-03-04 16:57:57
TX100722,CUST1101,Backpack,Accessories,35.99,1,2026-04-12 13:32:57
TX100723,CUST1137,Notebook,Stationery,2.99,2,2026-03-03 23:08:57
TX100724,CUST1173,Pen Set,Stationery,4.49,1,2026-04-11 11:49:57
TX100725,CUST1020,Headphones,Electronics,76.49,3,2026-04-08 17:34:57
TX100726,CUST1040,Desk Chair,Furniture,127.49,2,2026-03-09 10:41:57
TX100727,CUST1115,Pen Set,Stationery,4.99,2,2026-03-01 16:39:57
TX100728,CUST1007,Backpack,Accessories,33.99,2,2026-04-27 06:12:57
TX100729,CUST1155,Toaster,Appliances,25.49,3,2026-04-02 06:15:57
TX100730,CUST1079,Notebook,Stationery,2.54,3,2026-04-22 21:18:57
TX100731,CUST1157,Backpack,Accessories,33.99,2,2026-05-11 09:03:57
TX100732,CUST1013,Headphones,Electronics,89.99,3,2026-04-27 12:42:57
TX100733,CUST1144,Pen Set,Stationery,4.24,1,2026-05-17 22:28:57
TX100734,CUST1083,Desk Chair,Furniture,127.49,3,2026-03-31 05:54:57
TX100735,CUST1005,Backpack,Accessories,35.99,3,2026-04-01 13:06:57
TX100736,CUST1084,Desk Chair,Furniture,134.99,3,2026-03-18 23:30:57
TX100737,CUST1104,Notebook,Stationery,2.99,1,2026-02-21 12:36:57
TX100738,CUST1125,Pen Set,Stationery,4.49,2,2026-02-22 07:32:57
TX100739,CUST1177,Toaster,Appliances,29.99,1,2026-05-18 11:29:57
TX100740,CUST1112,Coffee Maker,Appliances,44.99,3,2026-04-18 07:12:57
TX100741,CUST1028,Coffee Maker,Appliances,49.99,1,2026-05-14 06:34:57
TX100742,CUST1061,Headphones,Electronics,76.49,2,2026-05-06 05:54:57
TX100743,CUST1042,Notebook,Stationery,2.54,3,2026-04-20 22:50:57
TX100744,CUST1129,Headphones,Electronics,89.99,3,2026-02-27 11:44:57
TX100745,CUST1102,Headphones,Electronics,80.99,3,2026-02-26 04:38:57
TX100746,CUST1177,Laptop,Electronics,999.99,3,2026-04-20 21:04:57
TX100747,CUST1103,Notebook,Stationery,2.54,1,2026-05-09 20:02:57
TX100748,CUST1031,Headphones,Electronics,80.99,1,2026-04-28 13:07:57
TX100749,CUST1168,Laptop,Electronics,899.99,2,2026-03-08 19:38:57
TX100750,CUST1096,Coffee Maker,Appliances,44.99,2,2026-02-23 06:53:57
TX100751,CUST1021,Headphones,Electronics,80.99,2,2026-05-07 21:15:57
TX100752,CUST1083,Notebook,Stationery,2.99,3,2026-02-22 10:02:57
TX100753,CUST1187,Pen Set,Stationery,4.49,1,2026-03-03 14:48:57
TX100754,CUST1050,Pen Set,Stationery,4.24,1,2026-04-26 20:26:57
TX100755,CUST1087,Notebook,Stationery,2.99,2,2026-04-09 00:10:57
TX100756,CUST1115,Pen Set,Stationery,4.99,1,2026-03-30 22:04:57
TX100757,CUST1147,Running Shoes,Apparel,67.99,2,2026-02-25 18:06:57
TX100758,CUST1043,Laptop,Electronics,999.99,1,2026-04-19 04:18:57
TX100759,CUST1146,Backpack,Accessories,39.99,3,2026-04-06 20:28:57
TX100760,CUST1188,Desk Chair,Furniture,127.49,1,2026-03-01 07:05:57
TX100761,CUST1050,Coffee Maker,Appliances,42.49,3,2026-03-07 22:30:57
TX100762,CUST1179,Backpack,Accessories,39.99,1,2026-05-07 03:02:57
TX100763,CUST1177,Coffee Maker,Appliances,49.99,3,2026-04-30 06:22:57
TX100764,CUST1111,Toaster,Appliances,26.99,2,2026-03-10 05:52:57
TX100765,CUST1130,Notebook,Stationery,2.69,1,2026-03-24 15:29:57
TX100766,CUST1025,Headphones,Electronics,89.99,3,2026-02-25 08:16:57
TX100767,CUST1001,Smartphone,Electronics,594.99,1,2026-04-25 01:59:57
TX100768,CUST1061,Toaster,Appliances,25.49,1,2026-05-20 07:39:57
TX100769,CUST1157,Toaster,Appliances,29.99,1,2026-03-05 19:03:57
TX100770,CUST1174,Smartphone,Electronics,699.99,1,2026-04-30 00:14:57
TX100771,CUST1153,Notebook,Stationery,2.99,1,2026-04-05 18:04:57
TX100772,CUST1142,Headphones,Electronics,89.99,2,2026-05-07 17:47:57
TX100773,CUST1069,Notebook,Stationery,2.69,1,2026-03-29 19:07:57
TX100774,CUST1067,Desk Chair,Furniture,149.99,2,2026-03-10 08:56:57
TX100775,CUST1079,Headphones,Electronics,76.49,1,2026-04-24 02:33:57
TX100776,CUST1140,Desk Chair,Furniture,127.49,3,2026-03-14 07:39:57
TX100777,CUST1011,Smartphone,Electronics,629.99,1,2026-02-21 10:09:57
TX100778,CUST1100,Laptop,Electronics,899.99,2,2026-05-02 12:28:57
TX100779,CUST1193,Desk Chair,Furniture,149.99,1,2026-04-27 10:40:57
TX100780,CUST1010,Desk Chair,Furniture,149.99,2,2026-04-20 12:50:57
TX100781,CUST1166,Desk Chair,Furniture,134.99,2,2026-04-07 18:21:57
TX100782,CUST1067,Coffee Maker,Appliances,42.49,1,2026-05-16 05:40:57
TX100783,CUST1038,Coffee Maker,Appliances,42.49,3,2026-05-09 07:40:57
TX100784,CUST1177,Desk Chair,Furniture,149.99,2,2026-05-02 18:51:57
TX100785,CUST1065,Headphones,Electronics,89.99,1,2026-03-08 00:18:57
TX100786,CUST1116,Pen Set,Stationery,4.49,1,2026-02-25 10:42:57
TX100787,CUST1158,Toaster,Appliances,26.99,3,2026-02-25 08:50:57
TX100788,CUST1034,Desk Chair,Furniture,149.99,3,2026-03-03 19:11:57
TX100789,CUST1038,Desk Chair,Furniture,149.99,2,2026-02-25 15:55:57
TX100790,CUST1111,Notebook,Stationery,2.54,1,2026-03-29 02:07:57
TX100791,CUST1037,Backpack,Accessories,33.99,2,2026-03-21 12:52:57
TX100792,CUST1026,Running Shoes,Apparel,79.99,2,2026-05-10 13:33:57
TX100793,CUST1096,Toaster,Appliances,29.99,1,2026-04-21 18:31:57
TX100794,CUST1049,Backpack,Accessories,33.99,2,2026-03-23 02:27:57
TX100795,CUST1156,Coffee Maker,Appliances,44.99,2,2026-05-20 05:37:57
TX100796,CUST1125,Smartphone,Electronics,699.99,2,2026-04-02 18:57:57
TX100797,CUST1031,Smartphone,Electronics,699.99,2,2026-05-10 06:03:57
TX100798,CUST1189,Toaster,Appliances,26.99,3,2026-04-09 04:40:57
TX100799,CUST1131,Toaster,Appliances,26.99,2,2026-05-07 09:46:57
TX100800,CUST1159,Toaster,Appliances,29.99,2,2026-03-08 05:36:57
TX100801,CUST1006,Laptop,Electronics,999.99,3,2026-03-07 11:01:57
TX100802,CUST1156,Desk Chair,Furniture,134.99,2,2026-02-24 21:33:57
TX100803,CUST1090,Notebook,Stationery,2.54,3,2026-04-18 23:42:57
TX100804,CUST1073,Backpack,Accessories,39.99,1,2026-02-28 10:47:57
TX100805,CUST1079,Smartphone,Electronics,629.99,3,2026-03-13 16:10:57
TX100806,CUST1200,Running Shoes,Apparel,67.99,3,2026-03-10 00:10:57
TX100807,CUST1170,Backpack,Accessories,33.99,2,2026-03-14 21:08:57
TX100808,CUST1187,Toaster,Appliances,26.99,1,2026-05-10 11:16:57
TX100809,CUST1030,Running Shoes,Apparel,67.99,3,2026-03-06 16:22:57
TX100810,CUST1126,Laptop,Electronics,849.99,3,2026-03-30 20:36:57
TX100811,CUST1165,Running Shoes,Apparel,71.99,2,2026-05-16 22:06:57
TX100812,CUST1069,Toaster,Appliances,25.49,2,2026-05-03 11:25:57
TX100813,CUST1069,Notebook,Stationery,2.54,2,2026-05-01 08:17:57
TX100814,CUST1181,Notebook,Stationery,2.69,2,2026-04-30 08:50:57
TX100815,CUST1172,Notebook,Stationery,2.69,2,2026-02-19 19:13:57
TX100816,CUST1024,Notebook,Stationery,2.69,2,2026-05-09 12:42:57
TX100817,CUST1142,Laptop,Electronics,849.99,1,2026-04-09 15:39:57
TX100818,CUST1067,Desk Chair,Furniture,127.49,3,2026-05-14 14:03:57
TX100819,CUST1166,Headphones,Electronics,80.99,1,2026-03-16 18:49:57
TX100820,CUST1081,Backpack,Accessories,33.99,2,2026-03-12 02:19:57
TX100821,CUST1026,Pen Set,Stationery,4.99,1,2026-03-03 07:57:57
TX100822,CUST1151,Notebook,Stationery,2.99,2,2026-04-28 00:35:57
TX100823,CUST1162,Running Shoes,Apparel,71.99,3,2026-03-12 19:09:57
TX100824,CUST1174,Pen Set,Stationery,4.99,2,2026-04-30 16:53:57
TX100825,CUST1101,Coffee Maker,Appliances,42.49,2,2026-03-27 14:02:57
TX100826,CUST1087,Running Shoes,Apparel,67.99,3,2026-03-16 23:03:57
TX100827,CUST1072,Laptop,Electronics,849.99,3,2026-05-01 16:56:57
TX100828,CUST1096,Headphones,Electronics,76.49,3,2026-03-26 20:44:57
TX100829,CUST1092,Coffee Maker,Appliances,44.99,2,2026-04-08 11:53:57
TX100830,CUST1026,Desk Chair,Furniture,127.49,3,2026-03-08 07:25:57
TX100831,CUST1177,Backpack,Accessories,33.99,1,2026-03-30 04:09:57
TX100832,CUST1095,Smartphone,Electronics,699.99,2,2026-04-27 20:13:57
TX100833,CUST1081,Smartphone,Electronics,629.99,2,2026-03-27 14:52:57
TX100834,CUST1147,Headphones,Electronics,76.49,1,2026-04-02 03:04:57
TX100835,CUST1037,Toaster,Appliances,29.99,2,2026-02-21 07:02:57
TX100836,CUST1197,Coffee Maker,Appliances,44.99,1,2026-03-04 07:34:57
TX100837,CUST1146,Smartphone,Electronics,629.99,1,2026-03-16 06:54:57
TX100838,CUST1171,Desk Chair,Furniture,127.49,2,2026-03-05 12:47:57
TX100839,CUST1063,Laptop,Electronics,999.99,1,2026-05-10 09:29:57
TX100840,CUST1093,Headphones,Electronics,76.49,2,2026-05-14 01:28:57
TX100841,CUST1036,Pen Set,Stationery,4.49,1,2026-04-20 06:31:57
TX100842,CUST1071,Desk Chair,Furniture,149.99,1,2026-02-28 09:10:57
TX100843,CUST1089,Backpack,Accessories,33.99,1,2026-05-05 09:56:57
TX100844,CUST1089,Coffee Maker,Appliances,49.99,1,2026-02-20 06:44:57
TX100845,CUST1144,Notebook,Stationery,2.99,2,2026-04-17 03:31:57
TX100846,CUST1098,Smartphone,Electronics,629.99,2,2026-02-22 17:09:57
TX100847,CUST1181,Toaster,Appliances,29.99,1,2026-05-06 18:52:57
TX100848,CUST1171,Laptop,Electronics,899.99,3,2026-04-19 00:11:57
TX100849,CUST1062,Desk Chair,Furniture,149.99,3,2026-04-09 02:31:57
TX100850,CUST1029,Toaster,Appliances,26.99,1,2026-04-09 15:58:57
TX100851,CUST1162,Smartphone,Electronics,594.99,3,2026-02-26 01:05:57
TX100852,CUST1062,Toaster,Appliances,26.99,1,2026-04-30 15:08:57
TX100853,CUST1097,Headphones,Electronics,80.99,2,2026-03-16 20:48:57
TX100854,CUST1171,Coffee Maker,Appliances,49.99,1,2026-05-11 11:54:57
TX100855,CUST1094,Running Shoes,Apparel,67.99,3,2026-04-06 14:29:57
TX100856,CUST1156,Desk Chair,Furniture,134.99,3,2026-02-23 21:51:57
TX100857,CUST1093,Toaster,Appliances,25.49,1,2026-05-12 06:28:57
TX100858,CUST1018,Coffee Maker,Appliances,49.99,3,2026-04-05 13:02:57
TX100859,CUST1124,Desk Chair,Furniture,149.99,3,2026-04-22 09:44:57
TX100860,CUST1161,Coffee Maker,Appliances,44.99,2,2026-03-30 06:17:57
TX100861,CUST1190,Backpack,Accessories,33.99,1,2026-05-20 12:31:57
TX100862,CUST1094,Backpack,Accessories,39.99,3,2026-03-21 11:48:57
TX100863,CUST1089,Toaster,Appliances,25.49,2,2026-04-28 00:07:57
TX100864,CUST1193,Coffee Maker,Appliances,42.49,2,2026-03-15 01:55:57
TX100865,CUST1189,Desk Chair,Furniture,127.49,3,2026-03-22 23:38:57
TX100866,CUST1016,Desk Chair,Furniture,134.99,1,2026-04-04 20:25:57
TX100867,CUST1118,Toaster,Appliances,25.49,2,2026-04-03 13:39:57
TX100868,CUST1089,Desk Chair,Furniture,149.99,3,2026-03-17 11:58:57
TX100869,CUST1016,Notebook,Stationery,2.99,3,2026-03-11 04:54:57
TX100870,CUST1113,Desk Chair,Furniture,149.99,3,2026-04-02 07:50:57
TX100871,CUST1166,Backpack,Accessories,39.99,1,2026-04-01 22:46:57
TX100872,CUST1006,Coffee Maker,Appliances,49.99,2,2026-05-09 00:40:57
TX100873,CUST1151,Desk Chair,Furniture,149.99,3,2026-02-21 09:52:57
TX100874,CUST1188,Toaster,Appliances,25.49,2,2026-05-19 02:17:57
TX100875,CUST1018,Backpack,Accessories,33.99,2,2026-03-01 12:07:57
TX100876,CUST1133,Headphones,Electronics,89.99,2,2026-02-25 23:47:57
TX100877,CUST1073,Coffee Maker,Appliances,44.99,1,2026-05-19 20:03:57
TX100878,CUST1106,Backpack,Accessories,39.99,2,2026-02-24 21:00:57
TX100879,CUST1101,Backpack,Accessories,33.99,2,2026-04-15 22:32:57
TX100880,CUST1169,Toaster,Appliances,25.49,2,2026-04-14 05:13:57
TX100881,CUST1066,Headphones,Electronics,80.99,1,2026-04-15 20:21:57
TX100882,CUST1028,Pen Set,Stationery,4.24,1,2026-03-03 12:54:57
TX100883,CUST1002,Smartphone,Electronics,699.99,2,2026-05-09 11:23:57
TX100884,CUST1080,Backpack,Accessories,35.99,1,2026-04-09 06:56:57
TX100885,CUST1003,Backpack,Accessories,39.99,1,2026-03-17 14:47:57
TX100886,CUST1106,Coffee Maker,Appliances,42.49,2,2026-04-15 19:56:57
TX100887,CUST1084,Desk Chair,Furniture,127.49,1,2026-04-01 12:06:57
TX100888,CUST1169,Backpack,Accessories,39.99,1,2026-05-09 21:07:57
TX100889,CUST1148,Headphones,Electronics,89.99,2,2026-05-02 14:36:57
TX100890,CUST1129,Toaster,Appliances,25.49,2,2026-04-11 21:27:57
TX100891,CUST1037,Backpack,Accessories,35.99,3,2026-05-05 22:52:57
TX100892,CUST1065,Desk Chair,Furniture,127.49,2,2026-03-26 06:44:57
TX100893,CUST1058,Smartphone,Electronics,629.99,2,2026-04-11 02:11:57
TX100894,CUST1043,Desk Chair,Furniture,134.99,1,2026-05-13 20:08:57
TX100895,CUST1038,Notebook,Stationery,2.69,2,2026-05-01 12:29:57
TX100896,CUST1170,Toaster,Appliances,25.49,1,2026-05-08 01:21:57
TX100897,CUST1024,Smartphone,Electronics,629.99,3,2026-05-05 20:45:57
TX100898,CUST1123,Smartphone,Electronics,699.99,1,2026-04-16 00:10:57
TX100899,CUST1056,Headphones,Electronics,76.49,2,2026-04-28 13:25:57
TX100900,CUST1070,Smartphone,Electronics,594.99,1,2026-04-04 10:11:57
TX100901,CUST1174,Headphones,Electronics,89.99,3,2026-04-13 07:23:57
TX100902,CUST1010,Pen Set,Stationery,4.49,1,2026-05-14 05:01:57
TX100903,CUST1064,Notebook,Stationery,2.69,3,2026-05-10 18:11:57
TX100904,CUST1029,Laptop,Electronics,899.99,3,2026-03-26 01:29:57
TX100905,CUST1165,Toaster,Appliances,25.49,3,2026-05-19 23:36:57
TX100906,CUST1031,Backpack,Accessories,35.99,2,2026-04-01 13:49:57
TX100907,CUST1068,Coffee Maker,Appliances,42.49,2,2026-03-11 20:33:57
TX100908,CUST1190,Headphones,Electronics,89.99,2,2026-05-13 02:31:57
TX100909,CUST1125,Toaster,Appliances,25.49,1,2026-04-02 13:06:57
TX100910,CUST1052,Running Shoes,Apparel,79.99,2,2026-03-16 00:51:57
TX100911,CUST1032,Notebook,Stationery,2.99,1,2026-03-18 08:27:57
TX100912,CUST1154,Coffee Maker,Appliances,49.99,3,2026-02-27 23:25:57
TX100913,CUST1079,Pen Set,Stationery,4.99,2,2026-04-22 10:12:57
TX100914,CUST1076,Running Shoes,Apparel,79.99,1,2026-04-13 18:58:57
TX100915,CUST1033,Pen Set,Stationery,4.49,2,2026-04-21 11:26:57
TX100916,CUST1184,Running Shoes,Apparel,71.99,2,2026-02-28 16:42:57
TX100917,CUST1117,Toaster,Appliances,29.99,1,2026-02-24 13:34:57
TX100918,CUST1148,Desk Chair,Furniture,134.99,3,2026-04-24 11:50:57
TX100919,CUST1104,Toaster,Appliances,26.99,3,2026-05-02 19:00:57
TX100920,CUST1061,Smartphone,Electronics,699.99,3,2026-05-20 03:56:57
TX100921,CUST1012,Backpack,Accessories,39.99,3,2026-03-24 20:28:57
TX100922,CUST1165,Laptop,Electronics,849.99,2,2026-03-29 12:09:57
TX100923,CUST1119,Desk Chair,Furniture,134.99,2,2026-03-16 19:42:57
TX100924,CUST1023,Toaster,Appliances,26.99,3,2026-05-12 02:01:57
TX100925,CUST1129,Toaster,Appliances,25.49,1,2026-04-28 14:53:57
TX100926,CUST1173,Coffee Maker,Appliances,49.99,3,2026-03-03 22:56:57
TX100927,CUST1164,Desk Chair,Furniture,149.99,3,2026-04-01 16:57:57
TX100928,CUST1022,Headphones,Electronics,76.49,2,2026-05-19 22:18:57
TX100929,CUST1061,Laptop,Electronics,849.99,2,2026-04-26 15:12:57
TX100930,CUST1074,Backpack,Accessories,33.99,3,2026-05-20 07:02:57
TX100931,CUST1062,Running Shoes,Apparel,79.99,3,2026-02-25 15:23:57
TX100932,CUST1079,Notebook,Stationery,2.99,2,2026-04-19 22:59:57
TX100933,CUST1189,Laptop,Electronics,849.99,1,2026-03-01 19:05:57
TX100934,CUST1171,Pen Set,Stationery,4.24,3,2026-02-22 14:02:57
TX100935,CUST1061,Coffee Maker,Appliances,44.99,3,2026-03-23 17:05:57
TX100936,CUST1144,Running Shoes,Apparel,71.99,2,2026-04-04 09:39:57
TX100937,CUST1094,Backpack,Accessories,39.99,1,2026-04-30 03:41:57
TX100938,CUST1026,Toaster,Appliances,26.99,2,2026-04-08 15:53:57
TX100939,CUST1088,Running Shoes,Apparel,79.99,3,2026-04-03 21:44:57
TX100940,CUST1120,Toaster,Appliances,29.99,3,2026-03-21 16:56:57
TX100941,CUST1104,Toaster,Appliances,25.49,1,2026-04-23 15:02:57
TX100942,CUST1173,Running Shoes,Apparel,71.99,1,2026-05-05 06:34:57
TX100943,CUST1036,Coffee Maker,Appliances,49.99,3,2026-03-16 01:46:57
TX100944,CUST1187,Coffee Maker,Appliances,42.49,2,2026-04-28 02:29:57
TX100945,CUST1171,Backpack,Accessories,33.99,2,2026-04-23 19:45:57
TX100946,CUST1129,Headphones,Electronics,80.99,3,2026-05-06 01:27:57
TX100947,CUST1158,Toaster,Appliances,26.99,1,2026-04-01 12:06:57
TX100948,CUST1131,Coffee Maker,Appliances,42.49,2,2026-02-26 13:23:57
TX100949,CUST1193,Smartphone,Electronics,594.99,1,2026-04-21 11:23:57
TX100950,CUST1144,Laptop,Electronics,849.99,3,2026-04-10 03:44:57
TX100951,CUST1154,Coffee Maker,Appliances,49.99,1,2026-04-08 23:09:57
TX100952,CUST1089,Desk Chair,Furniture,134.99,1,2026-04-05 14:44:57
TX100953,CUST1142,Headphones,Electronics,80.99,3,2026-02-20 23:16:57
TX100954,CUST1057,Headphones,Electronics,89.99,2,2026-03-01 11:51:57
TX100955,CUST1178,Smartphone,Electronics,629.99,3,2026-04-21 11:58:57
TX100956,CUST1193,Laptop,Electronics,899.99,1,2026-05-16 01:12:57
TX100957,CUST1096,Toaster,Appliances,26.99,2,2026-05-14 12:58:57
TX100958,CUST1173,Notebook,Stationery,2.54,3,2026-03-03 15:50:57
TX100959,CUST1142,Desk Chair,Furniture,127.49,2,2026-03-23 22:22:57
TX100960,CUST1179,Toaster,Appliances,29.99,1,2026-03-28 17:29:57
TX100961,CUST1088,Laptop,Electronics,849.99,1,2026-02-28 15:02:57
TX100962,CUST1195,Smartphone,Electronics,594.99,1,2026-03-07 00:38:57
TX100963,CUST1079,Running Shoes,Apparel,71.99,1,2026-04-17 14:40:57
TX100964,CUST1033,Pen Set,Stationery,4.99,1,2026-05-02 17:50:57
TX100965,CUST1135,Coffee Maker,Appliances,44.99,3,2026-04-16 06:22:57
TX100966,CUST1123,Backpack,Accessories,35.99,1,2026-02-25 09:57:57
TX100967,CUST1039,Running Shoes,Apparel,71.99,1,2026-05-04 17:20:57
TX100968,CUST1024,Laptop,Electronics,999.99,2,2026-04-07 16:54:57
TX100969,CUST1163,Running Shoes,Apparel,79.99,1,2026-02-27 05:26:57
TX100970,CUST1040,Coffee Maker,Appliances,42.49,1,2026-04-19 07:07:57
TX100971,CUST1015,Pen Set,Stationery,4.99,1,2026-05-10 22:19:57
TX100972,CUST1171,Desk Chair,Furniture,127.49,3,2026-04-09 20:26:57
TX100973,CUST1127,Running Shoes,Apparel,79.99,3,2026-05-01 08:35:57
TX100974,CUST1178,Running Shoes,Apparel,79.99,1,2026-04-16 05:06:57
TX100975,CUST1124,Pen Set,Stationery,4.24,2,2026-03-19 16:46:57
TX100976,CUST1074,Backpack,Accessories,35.99,2,2026-05-15 12:23:57
TX100977,CUST1128,Notebook,Stationery,2.99,3,2026-04-06 23:18:57
TX100978,CUST1164,Coffee Maker,Appliances,44.99,2,2026-03-19 03:03:57
TX100979,CUST1159,Toaster,Appliances,29.99,3,2026-04-18 07:00:57
TX100980,CUST1135,Desk Chair,Furniture,149.99,2,2026-05-03 12:47:57
TX100981,CUST1018,Headphones,Electronics,76.49,2,2026-04-13 15:03:57
TX100982,CUST1047,Toaster,Appliances,26.99,3,2026-03-13 05:10:57
TX100983,CUST1177,Toaster,Appliances,25.49,2,2026-04-26 13:39:57
TX100984,CUST1091,Backpack,Accessories,39.99,2,2026-05-08 14:56:57
TX100985,CUST1044,Running Shoes,Apparel,67.99,1,2026-02-24 22:23:57
TX100986,CUST1070,Toaster,Appliances,26.99,3,2026-04-01 01:39:57
TX100987,CUST1014,Coffee Maker,Appliances,49.99,1,2026-03-21 05:32:57
TX100988,CUST1127,Desk Chair,Furniture,127.49,2,2026-03-01 12:45:57
TX100989,CUST1149,Running Shoes,Apparel,71.99,1,2026-03-20 19:20:57
TX100990,CUST1071,Smartphone,Electronics,594.99,2,2026-04-29 20:53:57
TX100991,CUST1118,Notebook,Stationery,2.54,3,2026-05-16 05:52:57
TX100992,CUST1061,Backpack,Accessories,39.99,2,2026-04-30 17:15:57
TX100993,CUST1068,Coffee Maker,Appliances,49.99,2,2026-05-11 22:34:57
TX100994,CUST1098,Running Shoes,Apparel,79.99,2,2026-04-23 16:56:57
TX100995,CUST1043,Smartphone,Electronics,629.99,1,2026-03-17 22:28:57
TX100996,CUST1200,Laptop,Electronics,899.99,1,2026-05-14 05:51:57
TX100997,CUST1128,Smartphone,Electronics,699.99,3,2026-05-06 11:27:57
TX100998,CUST1069,Smartphone,Electronics,594.99,3,2026-02-27 09:42:57
TX100999,CUST1072,Desk Chair,Furniture,149.99,1,2026-04-23 23:12:57
TX101000,CUST1127,Headphones,Electronics,80.99,2,2026-02-28 13:31:57
